range,0.32122089434372714
sound,0.3095560970154733
quality,0.30942547302471535
wife,0.29104484229442934
product,0.2842444822232028
set,0.27469545923686883
noise,0.2482852947973186
headset,0.2344728107524914
volume,0.22070036679104674
TV,0.21200735961102166
signal,0.20932446113200787
price,0.2070150702350287
reception,0.19995671922500008
problem,0.19943736678397284
time,0.1931555399610068
head,0.19285692764421358
thing,0.18867718651215515
hiss,0.18208210670581695
interference,0.17648585100467218
pair,0.17220099299309924
base,0.16870400988582723
unit,0.1660787818554678
fit,0.16506358925518896
way,0.1619240216185321
bass,0.1587660912827429
use,0.15584606603056572
audio,0.15430623606180846
cradle,0.1530773759470329
husband,0.1525220612241431
battery life,0.1517147788287105
complaint,0.15058794858781036
headphone,0.15025568536506273
room,0.14987727538744683
bit,0.1479314658777372
light,0.14590914154001233
charge,0.14508552794585372
design,0.14480632770590546
house,0.14340150486910616
hearing,0.1415553525522986
solution,0.14002075179886186
issue,0.13995294170166236
music,0.1395771324792645
system,0.13853823407399435
source,0.13842260311864363
review,0.13795999395899858
everyone,0.1364440258323351
Sound,0.13534757502551684
work,0.13517430821235435
part,0.13507671069457924
buy,0.1346610563379189
level,0.13448870528983078
side,0.13437677947148785
year,0.13422518484650706
reason,0.1338265463398953
weight,0.13379511360224758
stand,0.13362223778863402
battery,0.13283131141310275
anyone,0.13229209914948672
something,0.1321412101725044
brand,0.13207782778505484
purchase,0.13207463080273027
model,0.13205024167666823
quality sound,0.1319416164181078
contact,0.13161490956497957
idea,0.1315257707148363
background noise,0.13151440214025703
job,0.13127932425915972
difference,0.13120740057873406
output,0.13098294964608068
amount,0.13088316518955834
value,0.13081715463290894
base unit,0.13054819101789836
station,0.13045526713932304
ear,0.1304347080576912
feature,0.13014683388203815
device,0.13011537677451968
transmitter,0.12993570671646598
tuning,0.12992508603837688
deal,0.12960413379727442
point,0.12958533076626497
connection,0.12956333963423527
frequency,0.12948025321124354
purpose,0.12942720067628924
someone,0.12939215847484598
switch,0.1293693255517637
everything,0.12931816643866487
setup,0.1293061362916639
nothing,0.12917943351302227
phone,0.12915677831573086
distance,0.12907973989384094
one,0.12906360800560024
end,0.1289636563910247
person,0.128898578869132
drawback,0.12888573476926324
clarity,0.128854571582667
downside,0.12876372038643713
family,0.12873754768981377
lot,0.1286021676322515
experience,0.1283019499751015
charger,0.12818263748414666
tv,0.12797882684725628
button,0.1274927294089811
money,0.127186784982974
Battery life,0.1266497373976486
fidelity,0.12620973800455543
RS120,0.12613805001661765
Sennheiser,0.1260657143436453
headband,0.12604905861584395
technology,0.1259636445103133
performance,0.12594383859203004
line,0.12571807677766447
day,0.125710773337981
blast,0.12526127524839925
tune,0.12503951564094518
screen TV,0.1250356147916741
company,0.1249961408920003
set-up,0.12499046092858457
spot,0.12486990926867958
rest,0.12482048564382837
anything,0.12479447778433275
cord,0.12452350788759312
volume control,0.12444635982868328
week,0.12423905960482255
dad,0.1241608212535803
crystal sound,0.12414608983459847
foam,0.12404849898180312
con,0.124032448865455
dial,0.12390070179502177
power,0.1236962070195383
channel,0.12356593424364956
manual,0.12353421053178186
RS-120,0.12290992677520131
period,0.12263648026827882
yard,0.12237299358897383
band,0.12217380584620971
base station,0.12197526548944192
baby,0.12181030744919039
improvement,0.12174864929150693
investment,0.12168685381023495
wire,0.12155984516578522
!!!,0.12155523023086706
distortion,0.12136151756100844
adapter,0.12130617627942966
right,0.12112422926937888
cable,0.12099415506970529
stereo sound,0.12094783520424675
while,0.12083338032383785
annoyance,0.12070618763773404
size,0.12066820257825382
spouse,0.12064082747172851
quality product,0.12052975681681528
cost,0.12052877001181506
choice,0.12033833913155699
feel,0.12027146452889959
home,0.12026374586336243
fact,0.12006031319742184
effect,0.11989525357615739
equipment,0.11985232717124787
comfort,0.11975628775682012
position,0.11974270660684024
area,0.11963969508760054
mom,0.11960651290537792
pain,0.11960455820426243
research,0.11953273466270437
place,0.1194999900403014
t,0.11949202816989787
environment,0.11948570795664512
receiver,0.11890732542181369
manufacturer,0.11845912691421738
waste,0.11843046771197246
input,0.11812373690700777
jack,0.11779716542360884
plug,0.1176779159995623
rating,0.11699865031751783
floor,0.11690570251025947
note,0.1168848568126437
television,0.1167195285366624
hour,0.11669788148875546
response,0.11661946759543605
sound reproduction,0.11655466115662454
setting,0.11653501025257135
movie,0.11645167869908023
gripe,0.11643880834818762
turn,0.11641863954623392
TV sound,0.11637499478532969
number,0.11625972643847056
night,0.1162565462929808
shipping,0.11619063311243803
fix,0.11616664046071368
month,0.11609916555150032
Setup,0.11592716625490267
need,0.11576760369519097
activity,0.115616379287411
flaw,0.1152049607377521
adjustment,0.11504113912207797
volume level,0.11491301449907824
radio,0.11478427415226394
piece,0.11472184619420635
mother,0.11469122753284527
bass response,0.114663637077352
order,0.11462470996433678
pressure,0.11457956556825226
computer,0.11451335668782553
Product,0.11440221955176462
padding,0.11439804822377235
sound system,0.11428723808271872
:1,0.11400278764639178
material,0.11399195688888308
operation,0.11392747440460241
!!,0.113865021215989
break,0.11379701723355973
distance range,0.11372133873136747
brother,0.11363971330315213
Sennheiser RS120,0.11358243420295816
hearing loss,0.11355314959268947
location,0.11347701780524067
hum,0.1132826658303002
Installation,0.11316578166326652
Battery,0.11313732168688029
apartment,0.11305640833432123
wall,0.11288826570618131
service,0.1128607551353221
advantage,0.11285993992295554
tuner,0.11280770807353466
TV show,0.1127805224912488
surface,0.11278012254524519
plenty,0.1127272653315629
stereo,0.11272573624392758
Nothing,0.11266182306925027
rock,0.11264693723465688
fan,0.11261717636514648
screen,0.11258238924098384
star,0.11256672353790702
frequency response,0.11254651695278406
headphone volume,0.11251754807136198
background music,0.11249518849369994
ability,0.11243176154373669
story,0.1122111902209512
Reception,0.11215467495953745
Mom,0.11207597004628149
man,0.1119973755184274
trouble,0.11191889114391093
delivery,0.11184051669131786
music player,0.11158232306102327
style,0.1115534658834499
office,0.11147563642705255
minute,0.11136370272341996
headphone jack,0.11128613774051013
background hiss,0.11120868073064652
daughter,0.1111313314685328
length,0.11105408972949901
good.I,0.11103742602861909
wireless,0.11095336318390142
proximity,0.11080831947660207
refund,0.1107316209762271
direction,0.11054511840482618
friend,0.11046870786365406
type,0.11045394685162008
category,0.11043749936003468
earphone,0.11037779071046133
term,0.1103109376988022
convenience,0.11022122521520386
recommendation,0.11022037234479119
son,0.11016543324772013
life,0.11016326200002506
box,0.1101626278388447
warranty,0.11012079742370674
world,0.11007957777275032
RS,0.11004559659776295
concept,0.11001420663665537
reputation,0.10998922786065629
result,0.10993960464929237
RCA,0.10990031543191421
father,0.10986510377041782
door,0.10982541533373578
bargain,0.10978234547608251
channel selector,0.10976788461828171
gift,0.10976649759022238
connector,0.1097579519626907
bonus,0.10975061725899382
plastic,0.10969385818869645
neighbor,0.10966922990492418
burst,0.10963934875756345
wear,0.10961991903231631
dialogue,0.10961215410623755
tuning knob,0.10959509489230089
package,0.10949785815854284
battery charge,0.10949273269453282
notch,0.1094496701800721
Wife,0.10942460084926953
tape,0.1094190643358599
construction,0.10938727355453709
Signal,0.10935144149707805
bang,0.10931658796683813
production,0.10929170256531978
night TV,0.10926799500282636
speaker,0.10922559466539412
buzz,0.10920475389268085
girlfriend,0.10915630654838346
couple,0.10915270108662062
bottom line,0.10911183880141667
frequency.I,0.1090635393864307
mechanism,0.10887359152402341
problem.I,0.10880147430067563
extension,0.10876264273460867
school,0.10875344920615114
none,0.10870546648958368
transmitter base,0.10870074235782472
comparison,0.10865289801388764
situation,0.10852564012891554
gamer,0.10842815599761767
air design,0.1083427535249125
guess,0.10828137329519756
source volume,0.10821022931046288
fine,0.10818921447798406
power cord,0.10818303404172908
tune dial,0.1081106738158825
wheel,0.10808405509292145
top,0.1080120745820614
hair,0.10795104255277378
angle,0.10793371544654236
bedroom,0.10788657010203814
benefit,0.10783946592563524
PC,0.10772892252102569
Work,0.10770874938314992
tilt,0.10768195587457918
question,0.1076040363973843
variety,0.10755789019876928
sleep,0.10755717855750217
favor,0.10755678524080343
game,0.10730976494520521
night movie,0.10726326946674247
playing,0.10721681426221456
condition,0.10711148856505265
user,0.1070718128804834
video,0.10706522307765728
head band,0.10704138540156694
accessory,0.10702759068712701
sony,0.10702562438216878
RCA cable,0.1070227184393993
charge light,0.10701899754062001
&#34;,0.10698291050966892
again.I,0.10698156719213349
TV noise,0.10697947571613912
scene,0.10689212804200365
cup style,0.10685176812143946
auto,0.10680590600540948
volume wheel,0.10676008324167728
listening,0.10655499374154663
ear piece,0.10653109705666787
TV program,0.10649714135960132
majority,0.10646621400337426
track,0.10645156342182148
foam pad,0.10636342947475061
pop,0.10635320307706324
dialog,0.10633144891227272
outlet,0.10629537699010315
television volume,0.10628184010916245
price range,0.10623659343519223
LED light,0.10622262007541716
nobody,0.10612845868764983
item,0.1059897741845253
silence,0.10590909511808888
head set,0.10585721335800743
reviewer,0.10583444516397462
size head,0.10578955214269363
charging system,0.10572518042019234
Christmas gift,0.10571639784985115
volume knob,0.10571507055378698
stereo separation,0.10568610287267421
grip,0.10566403267120168
partner,0.1056589464356747
comment,0.105629892738466
Best,0.10562828230285304
HISSS,0.10562826625806694
future,0.10562638748309516
website,0.10560632902193823
dock,0.10558389438294193
Frequency response,0.10556172661133954
press,0.1055598641228683
drop,0.10553955977126254
user manual,0.10547387748225351
cradle/transmitter,0.10542962622875013
function,0.10538541209064027
enjoyment,0.10534123502124818
shutoff feature,0.1053280618346339
placement,0.10519722164075453
monitor,0.10515316040044409
trade,0.10510913605426579
price.I,0.10500581414496153
camper,0.1045324342106864
Wireless reception,0.10448930366825047
HD tv,0.10444620870283859
return policy,0.10441959230250078
isolation,0.10440968635828235
surprise,0.10440375479336976
lady,0.1043905619036902
option,0.10438453213042027
genius,0.10437605909072276
indicator light,0.10436646379158052
Ca,0.10434139141283381
advice,0.10433943703303804
plus,0.10433662756482881
concern,0.10432327699583598
key,0.10431913735979337
tech,0.10431320496422648
commercial,0.1043108272903244
replacement,0.1042849309544859
shape,0.10427618261605481
freedom,0.10426738470214085
player,0.10424091125485017
design feature,0.10421098125773443
hook,0.10420175576068103
garage,0.10419530803500025
noise isolation,0.10418817629519815
tune knob,0.10409797122734092
tub,0.10407832557773491
anybody,0.10405384810431215
control,0.10404215419381332
interference noise,0.10392841380269768
Someone,0.10388569031218096
living center,0.10384300193326713
nature,0.10382358669363347
word,0.10361254119538323
extension cord,0.10357116806765895
loss,0.10357024478383983
living room,0.10352874722261708
morning,0.10352798289044282
headset cost,0.10348636111294365
Vizio TV,0.10346465467949455
Sound quality,0.1034480842512737
tuning wheel,0.10344400969599273
frequency range,0.1034430599159531
alternative,0.10342247889682202
tuning dial,0.10342155293304114
Tv,0.10340094443924351
sennheiser,0.10335886324209854
night tv,0.10331681628268286
background,0.10331036605914935
TV volume,0.10321462078020492
return period,0.10319363944280105
AAA NiMH,0.10317266663378295
level.I,0.10315170234795179
xbox,0.103130746580113
usage time,0.10310979932507622
tuning control,0.1030888605776553
crystal reception,0.10305000268307614
Headphones work,0.10301435906656119
Hi!It,0.10300096890470473
u,0.10299685361548772
doesMy complaint,0.10299346515826428
range reception.Well,0.10298009887710803
fit adjustment,0.10297944313318173
Charger,0.10297597596128083
representation,0.10297114540625257
year electronics.After,0.10295923730515641
Anyone,0.1029586052699096
confirmation,0.10293777583800372
stars.The R120,0.10292934968762225
tuning method,0.10290846454930505
cushion/pillow,0.10290535006678862
building,0.10288451876581246
phone port,0.10282053373411319
point system,0.10279974064854246
product !!,0.10276213153283455
headache.I,0.10274138539464582
name brand,0.10272064763143665
shutoff,0.10269991823813675
change,0.10269217043878641
kind,0.10267919720967988
foam padding,0.10267454144983769
air,0.10267156099767553
headphones!The range,0.10266969260049835
product.The difference,0.10266938818069717
ALL,0.10266738135293657
re-plugging,0.10265672413265133
wiring,0.10265394794553528
heater fan,0.10265095982718225
control wheel,0.10264882590700893
keyhole,0.10263778022705089
better.Link,0.10262827186795509
Styling,0.10261708426276675
MID-RANGE DETAIL,0.10261243904883055
GHZ unit,0.10260772605859002
input source,0.10260616315382987
performance value,0.10259639664310166
explosion,0.10259178151757121
basis,0.10258718847397204
yard front,0.1025855970670117
separation,0.10258339585262376
product.However,0.1025774043447516
Great volume,0.10257565411342974
eis sound,0.10257113230202312
network,0.10256665910916345
any1,0.102565039222957
TV viewing,0.10255696722765585
intention,0.10255080872966105
Sennheiser.This headset,0.10255049139716604
technique,0.10254855779955324
brand.N-Joy,0.10254689818479816
program,0.10253904266659712
On/Off,0.10253653825255898
RF headset,0.10253598983006966
Sony headphones.From,0.10253475770058733
Cost,0.10252985879798378
better.I,0.10252790065276911
Interference,0.10252675316412121
cheap,0.10252640281185073
construction quality,0.10252627615119686
vinyl,0.10252029790350704
%,0.10251945296197146
mm jack,0.10251902307367736
duty,0.10251891534388997
alot,0.10251611741459639
radio interference,0.10251558666316953
use.Once,0.10251523648876155
video player,0.10251428999367289
van,0.10250923449946417
opportunity,0.10250803933228925
vendor,0.10250725182656563
??,0.10250591562981658
!!!!,0.1024987959211906
Plasma TV,0.10249852097908901
worry,0.10249519161451942
dollar,0.10249492492953655
Music,0.10249383045654259
starsDesign,0.10249372595461105
groove,0.10248987632756654
policy,0.10248930230986467
discount,0.1024887761151417
balance,0.10248873078665055
operation simple,0.10248676689600728
2-RCA interface,0.10247868439384875
store,0.10247337908430587
dust,0.10247329736904592
bluetooth headset,0.10246916498694936
RF headphone,0.10246864680571602
product description,0.10246838820438887
bass adjustment2,0.10246668924476993
justicei,0.10245858075721782
start,0.10244786706031436
browser,0.10244245716379331
quirk,0.10244102687856443
term listening,0.10244098114032614
power cable,0.10244061859538015
cable port,0.10243848500665488
assessment,0.10243807303093225
audio editing,0.10243149856904914
None,0.10243059197229619
headsets HDR,0.10242749894515325
Sennheiser set,0.10242538635731598
TV watcher,0.1024228827743056
proficiency,0.1024205508514005
HEadline,0.1024205421186602
head size,0.10241839713752064
succession,0.10241790217831101
awakening,0.10241492702554754
RF pop,0.10241143960443878
movie sound,0.10241017600007242
FAMILY,0.10240779093416591
weather,0.10240713892733302
crack,0.10240012870986813
porch,0.10239831714517944
midrange,0.10239773926772118
range signal,0.10238960060917673
cloth,0.10238719947420608
happen.They,0.10237758429447306
shot,0.1023666162933621
corner,0.10236489441578034
response range,0.10235989563164945
proportion,0.10235743725388065
0One thing,0.1023507064277655
together.I,0.1023460413866419
Motorola tooth,0.10234486152606628
output circuit,0.10233956247797886
downfall,0.10233729814126162
headset right,0.10233058447565724
about.Another thing,0.10232951076160443
volume adjustment,0.10232666514965645
over.Sennheiser,0.10232483647572235
hiss.For,0.10231923740081177
oversight,0.10230938506317616
channel feature,0.1022666868150822
amplifier,0.1022475228665991
simple,0.10224137832797148
annoyance.We,0.10222138135072434
head .2,0.10221585490113248
item.Along,0.10220261509222199
junk,0.10219588473012974
pie,0.10218241936900399
bedroom TV,0.10218141085382103
HD TV,0.1021622316257512
bolt,0.10214205185773481
input signal,0.10212255700957287
cartillage,0.10212188006022983
obstacle,0.10210171622851495
Sennheiser name,0.1020815603578726
recharge cradle,0.102076260079543
air unit,0.10206814107039076
on.My grandson,0.10206796195301406
today,0.10206141244358889
better.Because,0.10204805370550553
star ratings.I,0.10204127248095375
signal quality,0.10193067181888284
recharger,0.10191056559072757
pair.If,0.10190429125902144
ssssssss,0.10188450076425949
mm,0.10186471795489782
RF interference,0.10185154129994549
headphone design,0.1018449428264605
sound/great reception,0.10183852758548764
return window,0.10183168688280424
STATIC BUY,0.10182989671784053
installtion,0.1018118402047909
cd,0.10181020322501598
Heck,0.10180908325171617
soundis,0.10180102263074539
these.The range,0.10179200126138131
tilting,0.10179051734800332
bad.I,0.10178933042763845
A gift,0.10178412549979088
free.Quality,0.10177217004805493
better.The set,0.10177083908238564
climate,0.10176958526689213
sound.I,0.10175955319424022
air RF,0.10174984776501848
head strap,0.1017433649204591
auto-off feature,0.10173984439470744
luck,0.10173660474839902
analog tuner,0.10173011791756222
Sennheiser HD-280,0.10172869791892672
Thing,0.10172840640358792
stop,0.10172279435595337
port,0.10172014322810051
channel.When,0.10171039572007147
quiet.I,0.10170044968998608
input level,0.10169913184694478
Sony headphone,0.10169068116809789
jewel,0.10168076377593427
characteristic,0.10167097425719651
RS180,0.10164957794768902
version,0.1016278567182855
book,0.1016264095663079
stand.The,0.1016082436699452
LG screen,0.10160678922423537
everybody,0.10158863819034548
mono adapter,0.10157191495485388
action movie,0.101569040275106
feed,0.10154944991984978
mileage,0.1015298671202032
design.The,0.10144957825226462
speaker padding,0.10143002225423285
I,0.10141047379419894
TV speaker,0.10139093286780539
received!I,0.10137139947069801
section,0.10134443857573089
tuning switch,0.10132492165598407
ideal,0.10126014177974492
length basement,0.10124065731114074
DVD,0.1011954446817821
Sony type,0.10117598510085273
boy,0.10115653300252274
headphone deal,0.10114861960507707
collection,0.10112920108577651
opinion,0.10110628469783266
sleeper,0.10108685938890181
again.They,0.10104803115526804
Donald duck,0.10101498926315057
porch/yard,0.10099560384144204
back,0.10097622585867845
ray,0.10095685531057869
power supply,0.10083956117199248
power plug,0.10082022425956332
gaming headset,0.1008008947617736
LOVE,0.1007815726743595
CD player,0.10062893995381392
tripe,0.10060968372642137
tuning adjustment,0.10017071850587966
auto-shut-off,0.10011303703492189
subwoofer,0.10011006406846203
tone control,0.10004657992309672
chair,0.1000274850551135
X5,0.1000083974746239
design choice,0.09980859497561413
documentation,0.09969865336233696
AKG,0.09967964420793646
hours.The,0.09966064230095714
stereo RCA,0.09964164763725512
light indicator,0.09962266021268959
internet,0.09960368002312293
radio technology,0.09958470706442071
headphone band,0.09956574133245158
sound!It,0.09923436473762832
Sony head,0.09921549624297052
design!NET,0.09921267988600262
mill,0.09919663492228738
mini touch,0.09919586881452115
hisss,0.09919380833801848
chirp,0.09917778077148827
peace,0.09917705024446442
existence,0.09914723813913077
i.e,0.09912907669138747
Sennheiser quality,0.09912776225555366
4-24-13I,0.09911744395113882
selector switch,0.09911024821078256
explanation,0.09910897503244935
earphone shutoff,0.09909142688134602
Tuning,0.09907261269900454
RF technology,0.0990538056596879
out.The name,0.09904168202858445
room sound,0.09900417990683814
foam ear,0.09898543949407967
headphone speaker,0.09890591059612631
Microsoft Life-chat,0.09888720736401062
guy,0.09886851120416698
snob,0.0988498221125848
end set.There,0.09879062576367324
good.Highly,0.09878012552010942
transmitter.An problem,0.09877196610304763
riddance,0.09876789095329407
TV use,0.09876150652726898
tablet,0.09875331348999723
drops.Sound Isolation,0.09874926373344538
head volume,0.09874289455206618
audio source,0.09873466792053007
brand pair,0.09873064353830666
paneling nail,0.09871602939065723
woman,0.09870343622447535
link,0.09867877343375381
THEM ANYMORE-I,0.09866391035994612
array,0.09864533514783408
Recommendation,0.09862676692862461
dollar range,0.09860820569836964
day.From performance,0.09858965145312398
customer support,0.09837972723157483
register,0.09836125532871592
useage,0.09834279036117083
potential,0.09832433232503447
well.They,0.09828815541708456
racket,0.0982874370313823
range limit.Sound,0.09826921762633796
model RS130,0.09826899976607097
Hiss etc.,0.09826476821739755
warm.Followup,0.09825074913456558
circuit input,0.09824629361768895
follow-up,0.09823979155767236
adjustment knob,0.09823228758334093
tube TV,0.09822137216152184
internet TV,0.09821383296875232
engineering,0.09815359231619512
from.CHARGING,0.09809530101800895
crystal signal,0.09772344508731393
glass,0.09768101261658135
Sony model,0.09767028862732167
headset radio,0.09766274929648845
air silence,0.0976521180054852
Sennheiser R120,0.09762624313669113
check,0.09760968220830597
client,0.0976080002893326
place sleep,0.09758976425856954
LOT,0.09757153504058201
numero uno,0.097553312631553
term use,0.09753509702766829
Want preview,0.0975168882251165
metal area,0.09749868622008918
impression,0.09739152922306787
jolt,0.09737335740063195
music listening,0.09729583200861522
endThe transmitter,0.09729143606680161
AV cable2,0.09727768481386517
volume amp,0.09727332347478113
900MHz telephone,0.09725954438732419
tv.I,0.09725521762549029
not.I,0.0972513654191431
work/sleep schedule,0.09724141072520653
LIGHT,0.09722328382372931
dog,0.09720516367911244
auto-recharging,0.0971870502875787
AGC,0.09716894364535358
RF unit,0.0971508437486655
screamer,0.09685219028204906
RCA input,0.09683417623195356
use.I,0.09676501834142813
cost brand,0.09676112451725291
gift idea,0.09673538817167862
radio frequency,0.096717474119414
news :D,0.09670698182340849
speaker system,0.09670411923356144
mention,0.09668905643393799
booklet,0.09668615000286415
headphones.Cheers-Walter,0.09667113768845605
shoelace,0.09666818744888896
point.Bottom line,0.09666117557347191
cushion,0.09665119866685308
tuning mechanism,0.09664696758612533
ANYTHING,0.09664325203000956
front,0.0966353201146878
range reception,0.09663326367087949
AAA,0.09662911785249989
Anybody,0.09661533532985496
mini plug,0.09661127471099347
improved!I,0.09660342711896505
Output.My TV,0.09659741364007612
right knob,0.09659228681623767
state,0.0965855619035648
Sennheoser,0.09657435609759407
AGC circuit,0.09654669587205855
touch.Good,0.09653554256250996
signal level,0.09651121289136229
Signal loss,0.09650734235239206
speaker volume,0.09649341326298487
SPDIF,0.09648955847604426
AM clock/radio,0.09647562019899183
contained.I,0.09647178115273132
battery condition,0.09633453374210504
review.I,0.09597433917401255
familiarity,0.09593335513653357
ways.Also,0.0959157150540346
analog,0.09589808145760717
error,0.09588045434367466
pitch noise,0.0958628337086631
lull,0.09584521954900106
egg head,0.09582761186111984
limit,0.09581001064145327
training,0.09579241588643786
input volume,0.09574974668263124
music site,0.09573216945045888
signal strength,0.09571459867057272
.1,0.09569703433942062
charging,0.09567947645345307
Unit,0.0956688863574796
room television,0.09566192500912316
vision,0.09565136578156895
business,0.09564438000288655
audio signal,0.09564423750530493
signal control,0.09562684143120156
again.It,0.09562671181468549
party,0.09560930929052906
bedroom pair,0.09560919254564604
experience.I,0.09559178357733254
critieria,0.09553095177411788
batteries3,0.09551348167920666
imperfection,0.09549601797276758
homework,0.0954782667785759
boom-boom bass,0.09546089657908725
price difference,0.09544353269871096
NOISE,0.09542958584714499
surrondsound system,0.09542617513399942
radio quality,0.09541215280349798
thr,0.09540882388150751
headPros :1,0.09539472612801236
disappointment,0.09539147893779262
Transmitter/receiver pair,0.09537730581719941
sound distortation,0.09537414029941466
air type,0.09535989186757297
volume rock,0.09535680796293598
hand,0.0953424842756494
squeeze,0.09530208959892668
user testing,0.09528470310185976
cycle.While,0.09527385299852902
Shack headphone,0.0952673229474689
consolation,0.09525654517795347
tacktic,0.09524994913228399
donut pad,0.09523924364464843
alcohol.After,0.09523258165283745
flexibility,0.09522194839518866
properly.I,0.0952152205056642
sound2,0.09520478131290853
cushioning,0.09520465942615136
device.This model,0.0951978656873017
pricing,0.09518751740246
board,0.09518737673411624
screech,0.09518051719428994
TV.Nice standHang,0.09517010031566549
audio converter,0.09516317502317143
headphones.They fit,0.09515292413679739
average,0.0951528301673838
radio control,0.0951516400762452
lack,0.09514583917049119
now.That,0.09513569462428233
nuance,0.09513556628585827
scale,0.09513439205745708
aspect,0.09512916849500645
PLL tuning,0.09512850963279676
analog technology,0.09511830866767859
home network,0.09511715029058926
headset system,0.09511082562345399
CD,0.09509991477224315
Pop rock,0.09509361931168343
perimeter,0.09508819847585717
TV connectorsYou,0.09507641922430665
headphone/base unit,0.09505922535794674
tinnitis,0.09504935064768553
signal inputs.It,0.09503318979279489
fitting,0.09503214611992003
control mechanism,0.09501522038875805
hearing problem,0.09501494781928194
Bravia TV,0.09499805698253984
receiver portion,0.09498089977594541
background noise.I,0.09492767679904489
tension,0.09492655365396711
gain control,0.09491054829672918
ProsSound clarity,0.09489342597454288
3d unit,0.0948763098291418
I range,0.09485981037497415
learning curve,0.0948591998571842
radiojack,0.09485630774888959
quality source,0.09484884504715947
movement,0.09484276278107125
challenge,0.09484209605533074
snack,0.09483928093410843
sweet-spot,0.09483178716174161
occasionalinterference,0.09482572131343485
power switch,0.09482499842024444
search,0.09482226023089532
carrier facility,0.0948086859687632
news program,0.09480373369354056
nylon fishline,0.09479768979071881
for.The quality,0.09479165674375695
trade-off,0.09478667778631103
buzzing.Anyone,0.09477463363511911
try,0.09477233723856598
ridge,0.0947552777724155
left channel,0.09473822444672791
mini adapter,0.0947341096388897
look,0.09471010022884639
effortlessly.My standard,0.09465842803207862
systems ability,0.09464147217611772
noise.What,0.09462452239356343
baby monitor,0.09459064103562681
transistor radio,0.09457370945372634
hiss/hum,0.09452082062303652
PC use,0.0945039075936979
transformer,0.09448700061592304
presence,0.0944700996864646
grandma,0.09443483809523266
Poor quality,0.09441795253676005
foam cusion,0.09431044822746207
end pair,0.09430930889907942
headphone size,0.09427570859964633
unit reception.However,0.09427270127845634
simulation,0.09426692691176405
preference,0.0942501013417646
Love,0.0942332817770375
brand recognition,0.09422779619905788
fault,0.09421646821436827
thing.Now,0.09421099860070026
keyboard,0.09419966065054475
quality input,0.09418285908235705
channel selection,0.09416606350659755
startup delay,0.094047333685703
activity.Having,0.09403059089624106
inside.I guess,0.09400157137206226
treadmill,0.09399712319477622
needed.The signal,0.0939921970856472
leather,0.0939473651317172
sleep mode,0.09393068194768082
EC cabinet,0.09391918838604087
headphones.I,0.09390534575189692
fact one,0.09390250131575863
Meaning,0.09388865347462869
bar,0.09388863702962807
whenthe program,0.09388582017416577
Use,0.09387197610912772
quality mind,0.09385532110067445
fiber,0.09383867200112204
amp,0.0938220288073265
toconnect,0.09380539151614604
RS120/Hdr120,0.09378876012444112
stereo seperation,0.09370873431244667
audio detail,0.09367023979568324
broadcast range,0.09365912622155954
output power,0.0936573654325495
image,0.09365369955868415
compromise,0.09364346434711963
recharge station,0.0936425645513875
success.I,0.09364078648388112
dramas,0.09362694727649011
component,0.09362600873735434
stand youout,0.09361594638259638
Sennheiser receiver,0.09361531683637271
AR,0.09360945877635456
adjustablility,0.09359982508372919
output jack,0.09359879598850562
output adapter,0.09359291466528481
cesspool,0.09359108483625886
devices.The headset,0.09358329144151732
workaround.The hiss,0.09358228097067288
sound.If,0.093576376401044
realism,0.09357452934280189
ghz,0.09355491158451165
reception range,0.09353843131048468
age,0.09351232258503767
use time,0.09349585731090429
roam.Be,0.09344649625980897
volume noise,0.09343005415634865
shipment,0.09341361783791438
leather headband,0.09339718730145356
auto switch,0.09338076254391577
veteran,0.09336434356225268
needed.The,0.09325259542349362
unit auto,0.09321023792431658
etc,0.09319386212732333
bee,0.09317749208333809
abilty,0.09316112778932972
AV system,0.09314476924226925
tile,0.09312841643912981
volum,0.09311206937688668
ranch house,0.09309572805251723
Comfort,0.09305780678448604
RS-120 range,0.09305738538378723
position switch,0.09304148449924941
sound.I wish,0.09304108125150515
charger/transmiter,0.09302478283135784
TV set,0.09300360740008924
reaction,0.09299220311546436
shock,0.09297592181372179
listening session,0.0929710065562126
drawbackis,0.09295964621212127
Bose headset,0.0928704627727086
bulkiness.THIS,0.0928560224133319
house phone,0.09285426340996081
room TV,0.09283978875820986
work !!,0.09283581382301548
headphone system,0.09283488772475501
storage cradle,0.0928235607782285
ear coverage,0.09281960919780329
quality listening,0.09281331721764949
Green light,0.09280733847041234
brand name,0.09280341022868523
INTO.I,0.09279727041615818
trait,0.09277491085938429
irritation,0.09275112453731248
hearing.On,0.09274561019157515
movie watcher,0.09274290881844655
curve,0.09273525458289464
intereference,0.09273496677644875
set.One complaint,0.09272954732455334
annoying.There,0.09272360493041981
signal anywhere.I,0.09271981279677283
evening,0.09271921573189049
load noise,0.0927134900205122
plastic curve,0.09270987074712081
session,0.09270741141162549
delay,0.09270373164329472
selection,0.09270103503897897
mix,0.09269882516938978
audio cord,0.09269743827656232
quality cushion,0.09269624625998592
ones.The interference,0.09269372579797595
Unlimited model,0.09268765606702058
proprietary battery,0.09268280370281622
charge cycle,0.0926813920898163
audio stream,0.09267158606504948
whatt reviewer,0.09267117830762465
viewer,0.09266678777337937
size rechargeable.If,0.0926551726845905
test product,0.09265077737820925
driveway,0.0926391725893965
Hz response,0.09263607859467271
care,0.09262317801917944
Noise/hiss,0.09261402147844669
morning news,0.09260718897107806
measure,0.09259120544223312
anyone.The range,0.09257698046151966
charger stand,0.09257522742978731
ON/OFF,0.09255925493088532
jacl,0.09254328794267379
watching.A hint,0.09253347390682626
isssue,0.09252732646230134
Nobody,0.09249645787380266
AC adapter,0.092476766136438
caveat,0.09245947144387831
eco,0.09244355136678618
headphonesbefore,0.09242763677112754
transition,0.09242084773727112
smile,0.0924047647989678
sentence,0.09238868745714852
re,0.09237261570889266
box offer,0.09235654955128157
brief,0.09234048898139866
feeling,0.09233592375605995
Audio Output,0.09232443399632935
me.My TV,0.09230414803297377
WORKS!Easy,0.09229272744405505
rig,0.09228826837129617
cost difference,0.09227239417243442
transmission distance,0.09226431770677404
plane,0.09225652543357007
Sennheiser headphone,0.09224829079523714
restriction,0.09224066215188663
usage,0.09223226945069056
Reception tuning,0.09220896720954319
bread,0.09217176327297767
zone,0.09211329832973039
cool,0.09209746512055612
ground noise,0.09208163735353699
TV purchase.I,0.0920658150258676
THEY WORK.WIFE,0.09204999813474454
power brick,0.09203418667736629
telephone,0.09197572454268638
outfit,0.09195993858882294
heavy,0.09194415805277117
buy.Update,0.09192272246330989
reception sound,0.09192251898922739
slack,0.09190700632389151
range audio,0.09189417071251871
name,0.09188727462400458
style plug,0.09187841273829792
sender,0.09187261334207127
rescue sort,0.09186299012013194
improvement.Add,0.09186266016749231
Somebody,0.09186243516553848
red/black,0.09184727613330655
Trial,0.09184691299732309
shirt,0.0918467701204278
sweetie,0.09183156752159795
home studio,0.09183117122501341
light3,0.0918311104170392
phono jack,0.09182276185405312
excuse.I,0.0918154560526409
audio level.I,0.09180704668397122
better.When,0.09179980702450294
NOT ADA,0.09179632584904196
workday,0.09179133689217035
footprint,0.09175571749691086
time period,0.09174027440749426
receptivity,0.09174005840683692
illness,0.09172465099460551
floor apartment,0.09170903290216016
unit.You,0.09169342012744092
headphone plug,0.09161041940865565
moment,0.091594840189447
auto shutoff,0.09155323459047264
hissing,0.0914462187747713
stream,0.09143069093544068
height,0.09141516836856119
RIGHT,0.09139965107144789
palate,0.09138568107098302
900MHz phone,0.09138413904141769
Bluetooth,0.09136863227578931
detail,0.0913621064182722
long.I,0.0913605440637448
Denon receiver,0.0913531307718833
popsand,0.09134665552017107
TV output,0.0913450777361381
tune button,0.09133763452702202
design wiz,0.09133120984720967
shui,0.09132961664420078
PRICE,0.09132214353852963
hellThis headphone,0.0913157693967379
base charger,0.0913141607852747
plastic headband,0.09130665780373215
language,0.09130033416610747
background distortion,0.09129871015670356
distance rating,0.09128326475583282
headphone outlet,0.09127916650679659
theater receiver,0.0912694793537864
didnt,0.0911966182254546
replication,0.09108820586034916
mixer,0.09107282880996298
Meh.The sound,0.09105547620418776
ear fatigue,0.09104459177158247
information,0.09104012106661132
mode,0.0910371444195224
dont,0.09102921689288768
fatigue,0.09100642996806821
ONLY thing,0.09097655806747482
gum,0.09096122141084934
tune wheel,0.09095225034231752
difference!The quality,0.09094683010533376
Bluetooth adapter,0.09094588992420163
Bose,0.0909315380164292
way.I,0.09092721411265704
strip,0.09091669133847109
stand/charge/headphone design,0.09091625106918091
carefully.The quality,0.09091439193432631
melon,0.09090411663308061
engineer,0.09090096926099617
simplicity,0.09089919427752781
crap,0.09088882401210535
output level,0.09088795984716282
grandfather,0.09088569258928397
RS120 headphone,0.0908840017008968
time.I,0.09088116012829865
weightedness,0.09087353653555982
tinnitus,0.09087278331476945
info,0.09087114632477122
clicking,0.09087042105145508
self-evidence,0.09086881420188644
problem.My,0.09086586622352398
tad,0.09085761184990497
color TV,0.09085595081680416
sound.Now,0.09084964536983188
analog connection,0.09084622674727055
toddler,0.09082728411261366
hook-up,0.09081212783511654
RCA-output,0.09080599091932179
FiiO D3,0.09079697661500771
volume dial,0.09079093586699613
failure,0.09079088774768541
hearing deficiency,0.09078183044975625
Mother,0.09077578959923877
GREEN light,0.09076668933683295
experience .6,0.09071561284718752
Toslink cable,0.09069849090776036
isolation/cancellation feature,0.09069135923957004
Everything,0.09068339789470736
music!Very ease,0.09067769064332727
house.I,0.09066818311932198
900MHZ phone,0.09066782566736972
sound equipment,0.0906624870288918
head fitting,0.09066212110857173
effort,0.0906562756870289
Price,0.0906529734485216
Volume control,0.09065276093534624
audiophile,0.09064117438443975
on.The base,0.09063770120859223
product!UPDATE 2-9-12I,0.09062731982615134
leakage,0.09062264648461359
leak sound,0.09061294590819699
design flaw,0.0906089448350017
Free shipping,0.09060759676091787
sound fidelity,0.09060121936228073
web search,0.09059373744831867
headphone experience,0.0905925520350143
working frequency,0.09059076822883036
Sennheiser RS-120,0.09058613874868848
respect,0.0905766289134923
squeal,0.0905757711200565
portability,0.09057474002506435
patio,0.09057106315461051
bandana,0.0905614473346127
up.I,0.0905597157228306
thumb wheel,0.09054744781917351
NO interference,0.09054627084405921
signal range,0.09054297580904799
method,0.0905336954375963
office complex,0.09053283887524162
RCA audio,0.09053109943927412
condo,0.09051871721786592
type plug.They,0.09051593311770142
u r,0.09050716457458476
channels.After,0.09050077187678685
transmitter.Overall quality,0.0904951303338118
Sennheiser model,0.09048561571397781
transmission,0.09048213309445033
shift,0.0904671390766253
either.The,0.09046050096711696
use case,0.09045215002736841
annoyance.Another,0.09044550307799341
manufacturing cost,0.09043716594421039
radio transmitter,0.09043089464814436
headprint,0.09043051016119236
neck,0.09030683134974901
sense,0.09029189807507189
cargo trailor,0.09027696973835615
static.A clarification,0.08997033624148197
cable combiner,0.089928738133718
rs120 work,0.08988937032298361
Kloss headset,0.08987570591924632
chin strap,0.0898747281514278
nite,0.08986088009771812
removal,0.08980219349315433
batteries.I,0.08979557165506559
trough walls.They,0.08978863799253474
CradleThe unit,0.08978084623402269
passage,0.08977954597817327
credit,0.08977385354812517
quality point,0.08976475186198984
used.Too interference,0.08975907397167698
merchant,0.08975778046633655
converter,0.089749962620632
reception tracking,0.08974542107371032
coverage area,0.08974429926078634
source signal,0.08974136303745932
phono plug,0.08973419965674093
dementia,0.08973072116069213
ground hiss,0.08972952941305094
retiree,0.08972675727497645
fashion,0.08971949435574775
channel noise,0.08971900981403322
analog output,0.08971215626601138
sound quality,0.08970972451279845
TV series/programs,0.08970821724822221
juice,0.0897042489869445
loop,0.0897013357766189
ta,0.08969756000824392
folk,0.0896950534798857
comfortable.All,0.08969357997450432
hat requirement,0.08969127014841463
3-position switch,0.08968929221976837
ear pad,0.0896879665439846
R120,0.08968746071700183
briefly,0.08968665030083513
mm plug,0.08968296849935534
rca,0.08967894747659931
packaging,0.08967664995293331
type headset,0.08967466519383152
buzz/hiss,0.08967196963273667
quality item,0.08966260920273435
head phone,0.08965729376996304
Senheiser RS,0.0896492552533711
fussing,0.08964797459494755
minutes.The reception,0.08963461326581726
addition,0.08962545861125458
earcup,0.0896199760602951
RF channel,0.08961644356622174
cable box,0.08961089304810455
hay,0.08960534363446235
Value,0.08960488966645885
great.My problem,0.089601732635634
maintenance,0.08959791766307042
Item,0.08959633221845681
crystal,0.08959362975700874
decision,0.08959171458109562
Bravia screen,0.0895817761200043
.4,0.08958017768510844
radio station,0.0895789872885637
signal present.It,0.0895770676380925
great!I,0.08956722475044146
attention,0.089565610010914
combination,0.08956214657791141
test,0.08954756787901483
praise,0.089547437316643
house w/basement,0.08953648887201678
ur friend,0.08953273288613951
size LCDs/plasma,0.08952963190077069
quality products.I,0.08945835822098741
harmony,0.08944384691575377
sleep.GTMax mm,0.08943604315359328
somebody,0.08942934031760019
interface,0.08942154487538742
score,0.08941483842423677
home amp/receivers/etc,0.08933717927589538
sheet,0.0893292281673889
LED,0.08932279833594554
ground,0.08931476449678259
viewing,0.08930842202515796
slippage,0.08930030550916537
headphones.Didn,0.08928585120226327
gf,0.08927140157380375
sponge cover,0.08925695662151577
talking,0.08925008646934075
noice,0.08924251634312975
value.These work,0.08923066471908801
FM,0.08922808073637759
MUCH price,0.08922715293596659
price set,0.08921678454938993
decibel,0.08921675070572613
budget permits.In,0.08921632475189184
buzz.The range,0.08921364979899263
cabling,0.08921010771817163
period.Overall,0.0892023740838873
RS130,0.08920198939301317
dimension,0.08919922352870971
degree,0.08918805679826992
joy,0.08918796827284473
frame cradle,0.089187658640231
playlist,0.0891848019232651
contact charger,0.08917371676483374
frequency adjustment,0.08917038498039657
headphone purchase,0.08916995097977515
voltage,0.08916858462955804
neighborhood,0.08915938134195885
rack,0.08915563872718758
channel changer,0.08915417729519821
needs.To,0.08914133106824843
BASE,0.08913313849218218
golf cart,0.08912702800074646
cable extension,0.08911272952247189
nuisance,0.08909843563121637
television sound,0.0890915958871355
song,0.08908414632477295
DVD player,0.08905846391140347
backing track,0.08905001015515036
cost item,0.08904612966641037
lifespan,0.08904420233681984
male,0.08903573777084871
zillion,0.08903185332780308
building setting,0.0890214699607927
noise.One,0.08901303995108083
RS110,0.08899867670888727
900mhz style,0.0889622797309244
Sennheiser brand,0.08894311682068189
cubby hole,0.08892887827770168
listening.Overall friend,0.08892337184245584
headphone AUDIO,0.0889232328960638
deck,0.0889091432937412
occurance,0.08890889108786548
headpiece,0.08889491929769264
anymore.One note,0.08889455390510166
fall,0.08888069985212546
thing .2,0.08888022134553501
design.These,0.08887649391492676
wall plug,0.08886648495485634
savvy,0.08886589340692973
volume range,0.0888564919895584
complication,0.0888522746037034
tuning button,0.0888380687964861
AM radio,0.08882386753102534
auto-mute,0.08881150288839654
time wear,0.08880967080514336
internet connection,0.08879731985832927
ear design,0.08878314135754517
SHHHHHHH,0.08876896738387498
beep beep,0.0887547979351508
surface area,0.08874063300920616
WAY,0.08862163799914735
something.My compaint,0.0886075001575869
editing,0.08860119813506308
modle,0.08860078293034199
setup correctly.I,0.08859336682613676
pilot actor,0.0885870725681084
?!,0.08858666868065974
transmitter/base station,0.08857923800263916
kid,0.08857295150447513
CradleGreat quality,0.08855883494201007
study desk,0.0885447228785614
upside,0.08848964718922518
objection,0.08847556832273348
product review,0.08844742402531698
model hiss,0.08843335859011897
adapter cord,0.08841929762774792
mailing label,0.08840524113607062
mainissue,0.08839118911295521
goodi,0.0883771415562712
bride,0.08837369952349156
instructions.I,0.08836309846388946
Everything I,0.08834905983368217
price point,0.08834793807002819
news,0.08834577974875675
AV cableWhile,0.08833174832851481
breakage,0.08832578082268479
Return,0.08832133712744802
charge wire,0.08831772136461453
strap,0.08831331774924064
riser,0.08831180687327016
foam ridge,0.08830732588291372
problem.My gripe,0.08830569201227666
regret,0.08829937515772018
SHHH sound,0.08829783734477026
HISSING,0.08829331908314533
size input,0.088285436967918
kitchen tv,0.08828387223508749
cube,0.08827150317774998
warning,0.08826991154212553
AV dongle,0.08826846508681573
ONLY,0.08826300243464932
connection cable,0.08825595526378945
volume auto,0.08824200339798555
Hook-up,0.08823197151654541
satisfaction,0.08822805594262154
Volume adjustment,0.08822518890294427
panel TV,0.08821127121126916
treble,0.08819735790998623
MOF,0.08819053258801114
roomi,0.08818344899701835
nob,0.08817606831559187
Super quality,0.08816961512163464
individual,0.08816954447028971
Noise,0.08815564432772581
Sennheiser fan,0.08815330735527442
weakness,0.08815325021477873
cost solution,0.0881416019829261
base sound,0.08813955630225138
Everybody,0.0881336220990446
door neighbor,0.08812776510827458
interference.I,0.08812580953861857
cord end,0.08811973327977918
floorplan,0.08811393257729379
Senheiser solution,0.08811225932691782
output adjustment,0.08811206706236929
Rich bass,0.08810584883725224
output connection,0.08810010438793872
still.I,0.08809832887149813
city,0.08809196876939522
run,0.08809027533336884
Sony MDR-IF240RK,0.08808628053816563
answer,0.08808058513853001
wont work,0.08807246102593203
cloth design,0.08806429539338091
lot property,0.08805975710991909
ear cup,0.08805864584919677
Type O,0.08805036861155902
help,0.08804483500591995
magnet,0.08803664645910109
Idea,0.08803435735321277
wire/plug,0.08803102849406293
Wireless headset,0.08802292858301658
fitness room,0.08802267833417447
audio system,0.08802061004377382
plasma screen,0.0880172263115884
music channel,0.08801193402736486
transmitter light,0.08800921498130675
tuning adjuster,0.0880089070424691
jack adapter,0.0879981579507548
TV upstairs,0.08799550565197413
increase,0.08799514005917178
WARNING,0.08799441835085717
RS-180,0.08799438834426317
AV configuration,0.08798417337894543
Sony TV,0.08798180059302248
cover material,0.0879805759629725
properly.It,0.08797706103212993
experience.Hookup,0.08797453889084852
careful.I,0.08796765167166368
grandchild,0.08796761900971649
strain,0.0879667379294905
5ghz phone,0.08796618978570693
design.I,0.08796423570181969
novice user,0.08796078803869721
zi,0.08795387821457024
video game,0.08795386493951923
tooth,0.0879524079259771
TV dialog,0.08795049505103197
finger,0.08794704148452545
aid,0.08794045994594421
fabric,0.08793863038404037
grief,0.08793683794860048
feature.I,0.08793329922631848
flaws weight,0.08792678331682639
battery drain,0.08792485715786796
Effect,0.08792302454478317
engineer thought,0.08792290115680318
member,0.08791311094106588
ot,0.08790908125872463
def box,0.0878994428166788
library,0.08789794804169405
RF noise,0.08789526570444195
hour.Very,0.08789386664493302
e.g. hiss,0.08788577894168256
converter box,0.08788426951487177
analog audio,0.08788145449190748
ease,0.08787211931409576
guitar amp,0.0878705952446445
conversations.DVR,0.08786209767629286
intensity action,0.08785692522902565
IR headset,0.08779119483681935
clairity,0.08777756459255827
y comodo,0.08776758570966908
UPDATE,0.08776393858003634
youngster,0.08776229895812916
trick,0.08775397603493892
coat hanger,0.08774037058032094
SIGNAL,0.08772676934385258
antenna,0.08771543646740533
level control,0.0877131723235725
manner,0.08770182854886098
TV speakers.Also,0.08769957951752055
design.My,0.08768942981481904
volume.I,0.0876882248518478
TV room,0.08768599092373784
anticipation,0.08768028342430759
bite,0.08767240654026663
plasma TV,0.08766674124858805
us.This product,0.08762384120093646
Range2,0.0876108200990033
issues.Then,0.08761031645320663
music reproduction,0.08760934064295944
par,0.08759728447071748
dealbreaker,0.08759679587992453
beauty,0.08759587190808611
ear piece.I,0.08758590440805038
volume button,0.08758327947915776
y,0.08757235101544954
analog dial,0.08755880181681189
craftsmanship,0.08755484707939004
of.I,0.08755160172262975
metal walls.Edit,0.08754525681019107
Part,0.08754131382623018
tendency,0.08753171599364191
suite,0.08753067409273722
TREBLE,0.08752778475606288
circuitry,0.08752028066869973
advice.The unit,0.08751944746707127
hole,0.08750679832794311
purpose use,0.08750598012953023
birdie,0.08750029134006433
samsung tv.So,0.08749902453339303
heck,0.08749720985250573
connection problem,0.08749332014040707
NO,0.0874925169360116
tune function,0.08747905788460295
Charge time,0.08746560297339301
900MHZ item,0.08745062272427583
