Word,Count
section,152
designs.Other,146
Jabras,141
tape,133
set,96
H720,94
Music,89
areas,83
abilities,77
days,68
disconnects,63
system,61
Plantronics.Plusses,59
levels,59
three,55
devicesCONS,53
captivate,50
con,48
truck,47
functions,44
boss,43
form,41
job,40
needs,37
myself.I,36
lobes,36
sounds,32
These,31
earpieces,31
Which,30
deterioration,29
notch,29
addition,29
potential,28
profile,28
anythin,28
.9,27
testing,27
solutions,27
conversation,25
also.So,25
fix,24
It,24
background,23
solution,23
techno-geek,23
faces,22
battery,22
Everything,22
works,21
signal,21
life,20
grill,20
situation,20
Place,20
ability,20
household,19
amount,19
muffled.That,18
guess,18
laptops,17
issues,17
angle,17
response,16
experience,16
attention,16
cord,16
communications,16
interfears,16
environments,15
California,15
pocketability,15
resistance,15
MOT,15
advantage,14
cellphone,14
Some,14
advertised.It,14
Best,14
hands,13
I,13
Anycom,13
cord/plug,13
glasses,13
user,13
material,12
Voyager,12
Blue,11
both.I,11
comments,11
Noice-cancelling,11
alot,11
on/off,11
's,11
location,11
hassles,11
much,11
requirements,11
pairs,11
Easy,10
bang,10
comfortable.Most,10
settings,10
usage,10
voice,10
regret,10
process,9
matter,9
goal,9
money,9
button,9
Item,9
audio,9
plug,9
louder.You,9
whoever,8
input,8
colors,8
Scala,8
voyager,8
breakup,8
.2,8
years,8
canceling,8
phonecalls,8
big,8
adjusts.I,8
soundMic,8
one.My,8
balance,8
home,7
rings,7
consideration,7
windows,7
Long-term,7
foam,7
rubber,7
others,7
loop,7
Vonage,7
complaint.You,7
earpiece,7
airports,7
code,7
attribute,7
flatscreen,7
past,6
window,6
He,6
parties,6
bud,6
volume,6
weekend,6
manufacturers,6
temple,6
stalk,6
One,6
impressions,6
timers,6
favorite,6
cube,6
headset.This,6
configuration,6
breeze,6
weeks,6
down.I,5
adapter,5
noise-reduction,5
performance,5
minutes,5
device,5
phase,5
unit.The,5
earbud/foam,5
.3,5
Size,5
What,5
good,5
Houston,5
care,5
ADAPTERS,5
hands-free,5
They,5
negatives.So,5
connectivity,4
:1,4
mouthpiece,4
mine,4
LED,4
light,4
logitech,4
Voice,4
reception,4
Hope,4
Doggie,4
mic,4
part,4
output,4
touch,4
mates,4
amounts,4
earbuds,4
cons,4
apart.I,4
b,4
end,4
development,4
basis,4
best,4
Calls,3
Comfort,3
microphones,3
switching,3
tip,3
way,3
channel,3
times,3
features,3
environment,3
feedback,3
Those,3
abuse,3
medium,3
samples,3
connector,3
GPS,3
unit.To,3
switch,3
That,3
sound,3
sample,3
pro,3
version,3
earphone,3
buy,3
disturbance,3
anyone,3
look,3
everyone,3
headsets.Then,3
adjusting,3
product,3
callers,3
easiest,3
buds,3
She,3
items,2
Folks,2
zones,2
models,2
points,2
inserts,2
Razor,2
Product,2
areas.3-About,2
interference.Its,2
bit,2
secure!Linking,2
off/on,2
commute,2
comfort,2
updates,2
piece,2
phone,2
WEP200,2
wear,2
things,2
transmission.To,2
something,2
Headset,2
results,2
prize,2
devices,2
headsets,2
amplification,2
though.Hard,2
caller,2
Simple,2
horse,2
Mobile,2
Btw,2
city,2
purpose,2
technology,2
ratings,2
flaw,2
parts,2
open.It,2
symptoms,2
heavy,2
640,2
thickness,2
Reception,2
periods,2
noise.Other,2
All,2
period,2
pieces,2
filter,2
HS850,2
wire,2
flights,2
usages,2
Works,2
friends,2
variety,2
wind,2
sizes,2
level,2
fit.Overall,2
pack,2
plantronics,2
nit,2
calls,2
You,2
reviews,2
Others,2
leap,2
ergonomics,2
portion,2
Sound,2
dog,2
unit,1
seconds,1
Battery,1
shape,1
van,1
design,1
cushions,1
time.I,1
music,1
power,1
flashes,1
issue,1
problems,1
option.I,1
510,1
card,1
missions,1
improvement,1
anybody,1
conditions,1
contacts,1
Short,1
companies,1
size,1
reasons,1
customer,1
hours,1
drawback,1
scores,1
Plantronics,1
transmission,1
bluetooth,1
kind,1
durability,1
fingers,1
hands-free-device,1
noises,1
conecteivity,1
husband,1
finger,1
trip,1
pair,1
follow.Sound,1
beeps,1
BT.This,1
same.I,1
use.We,1
story,1
block,1
stars,1
verdict,1
contols,1
wife,1
model.UPDATE,1
phone/headsets,1
problem,1
difficulty,1
months,1
review,1
clarity,1
theres,1
problems.I,1
fan,1
world,1
well.But,1
sets,1
train,1
moment,1
accessories,1
di,1
products,1
PLT,1
Ive,1
jawbone,1
side,1
JOB,1
brother,1
supply,1
place,1
price,1
Caller,1
distance,1
BT,1
microphone,1
reason,1
bugs,1
cancellation,1
one,1
headset,1
belief,1
performance.Get,1
number,1
history,1
need,1
feature,1
Boy,1
conference,1
boom,1
mouth/ear,1
quality,1
tv,1
cops,1
tin,1
ear,1
use,1
performance.Pairing,1
H710,1
loss,1
complaint,1
deal.Update,1
BT8040,1
burden,1
couple,1
ergonomics.Jerry,1
proprietary,1
None,1
laptop,1
earbud,1
words,1
setting,1
point,1
We,1
reviewers,1
Reader,1
wiring,1
phones,1
sentences,1
complaints,1
control,1
earhook,1
This,1
adjustment,1
organization,1
fact,1
person,1
date,1
mail,0
connection,0
hearing,0
hour,0
people,0
uses,0
somebody,0
Everyone,0
year,0
law,0
driving,0
cell,0
H680,0
lot,0
day,0
yes,0
question,0
fit,0
it.I,0
tech,0
easier.And,0
510s,0
huge,0
place.I,0
downsides,0
model,0
overall,0
static,0
account,0
headset.Prices,0
Both,0
reduction,0
buyers.Another,0
distortion,0
hunt,0
Bluetooths.I,0
trouble,0
Bluetooth,0
sources,0
behalf.Over,0
noise,0
sunlight,0
cheeks,0
charger,0
purchase,0
entry,0
boyfriend,0
H700,0
time,0
hand,0
pettite.It,0
factor,0
object,0
attachment,0
Pairing,0
Ehem,0
hook,0
details,0
bet,0
Jabra,0
brief,0
yea,0
indicator,0
jelly-type,0
Half,0
replacement,0
controls,0
currents,0
downtime,0
mute,0
options,0
function,0
industry,0
self,0
series,0
downside,0
call,0
delay,0
ones,0
ears,0
shortcoming,0
deal,0
party,0
Motorola,0
Sheesh.OKay,0
guy,0
storage,0
contact,0
V330,0
cracks,0
value,0
sum,0
last,0
office,0
maneuver,0
smallest,0
nothing,0
exposure,0
Mic,0
item,0
sites,0
thing,0
service,0
heck,0
boots,0
&,0
strength,0
range,0
weight,0
friend,0
outside,0
store,0
seat,0
glass,0
insecure,0
rating,0
tooths,0
Driver,0
Setup,0
People,0
lighthouse,0
speaker,0
rooms,0
folks,0
case,0
rest,0
concern,0
Lesson,0
choice,0
manufacturer,0
quality.Cons,0
EVER,0
kids,0
pairing,0
combination,0
negatives,0
call.Plantronics,0
charge,0
blue,0
practice,0
coworkers,0
Frequency,0
buttons,0
pocket,0
area,0
test,0
sweating,0
fidelity,0
line,0
