Word,Count
anything,336
Apple,331
differences,306
4g,282
iphonethos,218
Shipment,137
tug,133
Hope,120
It.s,116
Order,114
sheathing,111
file,108
Dimensions,87
generic,86
someone,84
everyone,77
questions,75
purpose,72
reviewers,71
OEMI,71
tape,68
apart.It,66
insulation,62
audio,62
Waste,60
ups,59
design,58
Amazon,57
Kinda,53
owner,47
Pro,46
increases,44
unit,44
reason,44
bag,36
vendor,36
reviews,36
transaction,35
She,35
others,34
policy,34
force,33
YOU,33
work,33
Here,32
Nothing,32
way,31
THING,31
side,31
triangle,30
something,30
cable.If,29
pinswas,28
bc,28
year,26
Some,26
diversity,26
last,26
looks,25
voltage,25
BUT,23
chargers,23
WIll,23
Easy,22
go,21
Many,20
family,20
style,20
extras,19
lot,18
ports,18
died.So,18
iPod,18
Everything,18
usb,18
wiring,18
MONEY,18
wall,18
Mine,17
CABLE,17
camera,17
spots,17
1,17
weeks,17
address,16
HORRIBLE,16
adapter,15
Value,15
cable.Overall,15
house,15
space,14
produce,14
length,14
fan,14
shipping,14
guess,13
order,13
color,13
S,13
Other,12
issue,12
plugs,12
waste,12
vendors,12
backups,11
provider,11
solution,11
computers,10
problems,10
ok,10
trust,10
cut,10
All,10
SHIPPING,10
iTunes,9
sound,9
ha,9
whatever,9
iphone,9
metal,9
Generation,9
plug,9
apples,9
years,9
works,8
supplier,8
condition,8
OR,8
consultant,8
ends,8
It,8
boat,8
charger,8
none,8
10mins,8
beat,7
place,7
THEY,7
thing,7
gen,7
much,7
head,7
complaint,7
claim,7
converter,6
finish,6
IncI,6
hell,6
care,6
This,6
fine,5
damage,5
husband,5
good,5
Cables,5
Two,5
stuff,5
nano,5
Looks,5
normal,5
ware,5
perfect,5
shaky,5
knock-off,5
period,5
product,5
date,5
apple,5
RUBBER,4
fashion,4
QUALITY,4
car,4
guys,4
Most,4
dealer,4
ProductReally,4
FiiO,4
run,4
material,4
minutes,4
Dont,4
BECAUSE,4
thinkI,4
Its,4
month,4
bad.It,4
worst,4
!!,4
Prices,4
phones,4
They,4
CHARGE,4
plastic,3
feet,3
iPads,3
Syncs,3
form,3
You,3
anybody,3
yearsmmm,3
tip,3
data,3
OEM,3
4S,3
havent,3
envelope,3
Whenever,3
Kudos,3
people,3
Someone,3
Price,3
***,3
--------------------------------------,3
Worth,3
One,3
ships,3
r,3
Tip,3
manufacturer,3
aroundto,3
quality,3
week,3
one.I,3
friends,3
twist,3
glue,3
charging,3
Strange.I,3
return,3
item,3
BE,3
gen.,3
wire,3
SHE,2
dollar,2
inserts,2
hands,2
another,2
cord.It,2
companies,2
rubber,2
investment,2
knock-offs,2
My,2
pin,2
retailer,2
4,2
charges,2
star,2
connectors,2
amount,2
NOT,2
THIS,2
morning.I,2
bolt,2
A,2
fall,2
point?Look,2
connector,2
one,2
now,2
brand,2
outlet,2
buck,2
logo,2
port,2
number,2
name,2
reminder,2
UPDATE,2
3GS,2
craftsmanship,2
Three,2
chances,2
complaints,2
May,2
critic,2
ALREADY,2
pouch,2
first,2
ITS,1
connection,1
items,1
generations,1
gauge,1
shape,1
Tech,1
sides,1
customer,1
refund,1
sense,1
check,1
power,1
issues,1
message,1
iPhones,1
coast,1
First,1
ITEM,1
puppy,1
We,1
pricing,1
LOVE,1
PERIOD,1
three,1
description,1
usage,1
battery,1
duty,1
cords,1
store,1
places,1
devices,1
cable,1
USB,1
months,1
part,1
I,1
BUY,1
review,1
appearance,1
long,1
alternative,1
Worst,1
device,1
batch,1
songs,1
Return,1
cheaper,1
Got,1
risk,1
version,1
Item,1
products,1
People,1
working.So,1
Time,1
Product,1
price,1
walls,1
fingers.I,1
1/9/12I,1
hope,1
cover,1
everything,1
cost,1
3,1
buy,1
flexibility,1
po,1
Cable,1
cheap,1
iPhone,1
degree,1
Thought,1
use,1
generics,1
stores,1
handling,1
kids,1
assistance,1
search,1
couple,1
pad,1
size,1
Amazon.com,1
end,1
connections,1
words,1
Super,1
rate,1
even,1
Fit,1
cat,1
Seller,1
luck,1
Works,1
Each,1
bunny,1
memos,1
line,1
either,1
best,1
portion,1
MULTIPLE,1
PRODUCT,1
habit,0
pictures,0
refund.or,0
idea,0
iPhone/iPad,0
frame,0
wires,0
Buyers,0
Premium,0
TIME,0
service,0
&,0
Wire,0
per-item,0
seller,0
Sync,0
materials,0
warranty,0
choices,0
Hooks,0
classics,0
iPhone/iPad/iTouch,0
o,0
multiples,0
iPad,0
NONE,0
breakage,0
advice,0
breaks,0
difference,0
cables,0
inconvenient.You,0
cept,0
dud,0
four,0
20daysthe,0
mine,0
company,0
cables.It,0
boyfriend,0
characteristics,0
OMG,0
minimum,0
time,0
hand,0
priceCons,0
blades,0
fault,0
ipod,0
extra,0
pass,0
IT,0
daughter,0
goods,0
THAT,0
Bought,0
sellers,0
son,0
hopes,0
folks,0
moisture,0
plan,0
sync,0
dad,0
delivery,0
cry,0
deal,0
purchase,0
dollars,0
lots,0
ORDERING,0
chord,0
ones,0
value,0
case,0
uses,0
day,0
commenters,0
nothing,0
Apple.It,0
online,0
construction,0
The,0
COST,0
PRESTO,0
hours,0
generation,0
Hi,0
shops,0
piece,0
parts,0
times,0
friend,0
kind,0
wear,0
dimensions,0
things,0
tablet,0
glance,0
CHARGER,0
money,0
USBs,0
treat,0
fit,0
position,0
matter,0
comment,0
http://www.amazon.com/gp/product/B0036VO7OK/ref=oh_details_o03_s00_i01We,0
NICE,0
phone,0
action,0
h,0
results,0
younger,0
junk,0
4s,0
s,0
Charger,0
knockoff,0
pins,0
charge,0
That,0
photo,0
These,0
choise,0
comments,0
attention,0
AND,0
resolution,0
CABLES,0
days,0
u,0
match,0
Have,0
problem,0
bit,0
Star,0
blemishes,0
cheep,0
replacements,0
order.If,0
syncing,0
2,0
cents,0
literally,0
Debateable,0
cord,0
crap-shoot,0
girls,0
experience,0
needs,0
Wish,0
Your,0
WIRES,0
20,0
tricki,0
shouldnt,0
emails,0
