Word,Count
sign,277
implementation,272
Useful,268
observations,266
advice,264
Sinceelectricity,236
tab.Does,195
"periods,-Built",183
bulbs,177
Full,145
ProsMicro,145
pouch.I,137
purse,129
ambiguity,124
3months,119
side,115
co-workers,114
affordable,111
yr,108
point,106
kinda,105
A,104
fixture,102
concept,102
My,101
functionality,93
ports,93
cables,92
something,91
impressions,90
name,89
Review,89
portability,85
things,84
dingus,83
people,82
designCons,81
purpose,78
cycling,77
night.I,76
width,74
spending,74
buyers,73
distance,73
iPod,73
owners,72
annoyances,72
feel,71
good,70
features,68
everyone,66
She,65
aslo,64
great,62
book,60
temperature,60
This,60
market,57
itorch,57
backup,51
AT&T,49
switch,48
head,47
recommendation,44
go,44
plastic.When,44
cat,44
trip,43
drain,41
right,41
notch,40
Ipad,39
benefit,39
sibling,38
:1,37
weight,36
golf,35
touch.Since,34
GPS,33
need,33
external,32
touchCons,32
charger.I,32
system,32
insert,31
These,31
flimsy,31
cable,31
distances,31
Hope,31
Razr,31
hours,30
fully,30
computer.It,30
Kind,30
Just,30
whistles,30
bar,29
phones,29
proprietary,29
activities,28
promotion,28
sort,28
Everything,27
Easy,27
Video,26
machine,26
voltage,26
hope,25
occasions.As,25
pinch,24
3,24
casing,24
months,23
anything,23
source,23
AMP,23
good.It,23
means,23
Dual,23
family,23
amount,22
Able,22
addons,22
Weight,22
charges,21
cats,21
Batteries,21
properly.I,20
user,20
videos,20
It,20
size,20
solutions,20
Iphone,19
.3,19
Metrorail,19
charge.Issues,19
LEDS,18
sale,18
someonereads,18
worked.Pros,18
close,18
price,18
period,18
bonuses,17
plugs,17
itouches,17
Pointer,17
issues,17
fan,17
Ca,17
Adapter,17
IMP,16
perfectly!I,16
literally.I,16
times.Although,16
NT600C,15
doesnt,15
preschooler,15
electricity,14
procedure,14
reason,14
capacityHopefully,14
vacation,14
drawback,14
traveling.I,14
cause,14
whoop,14
chances,14
description,14
weeks,14
another,14
Aug,13
cameras,13
Zaggsparc,13
920,13
others,13
bedroom.The,13
cable.Not,12
buttonBattery,12
Button,12
companion,12
short,12
husband,12
itouch,12
wishes,12
Kensington,12
version,12
bag.-Size,12
room,12
design,11
powergen,11
durations,11
ON/OFF,11
profile,11
kits,11
cigarettes,11
drop,11
pieces,11
tests,11
reference.This,11
piece,10
constuction,10
trek,10
did.It,10
Backpackers,10
gripe,10
Which,10
week,10
summary,10
imperfection,10
supply,10
conditions,10
byers,10
Laser,9
bit,9
Blackberry,9
i-pad,9
option,9
extension,9
Works,9
seconds,9
testing,9
needed.I,9
outlet,9
this.I,9
gizmo,9
iTorch,9
capability,8
construction,8
Johnny,8
hub,8
chain,8
connector,8
thicker.Size,8
closing,8
mAh,8
1,8
read,8
pouch.-I,8
amperage,8
attachment,8
pain,8
operation,8
Carry-case,8
Plenty,8
compatibility,8
time.UPDATE,8
have.CONS,8
cycle,7
andit,7
juice,7
list,7
job,7
addition,7
too!What,7
black,7
state,7
rating.Edit,7
tablets,7
headlight,7
4,7
design2,7
solution,7
batter,7
min,7
activation,7
Be,7
colors,7
plus,6
Charger,6
fans.But,6
styling,6
band,6
little,6
wifi,6
texture,6
weightShape,6
bulk.The,6
definitely,6
Life,6
task,6
brother,6
boy,6
glitch,6
leds,6
flashlight,6
worker,6
outings,6
devices,6
product!Fully,6
surface,6
smartphones,5
cases,5
The,5
configurations,5
night,5
hold,5
weekend,5
design.Cons,5
indicators,5
weight.Cons,5
access,5
halt,5
instruction,5
They,5
term,5
line,5
transit,5
less,5
previously.Pros,5
Itorch,5
material,5
adapter.I,5
thing,5
AC.It,5
HECK,5
batteries,5
Nexus,5
lights,5
cord,5
lightwould,5
gaming,5
iphone,5
inside.I,5
4S,5
benifet,5
bit.I,5
status,4
Photon,4
supplies,4
keys,4
wife,4
rate,4
usage,4
chargers,4
IMP52D,4
daughters,4
pocket,4
Disneyland,4
basis,4
You,4
holsters,4
Markings,4
month,4
speed.Thanks,4
tab,4
Camping,4
problems,4
care,4
bottom,4
batch,4
models,4
buy,4
degree,4
feature,4
manual,4
Other,4
We,4
tour,4
Charging,3
peace,3
butt,3
con,3
meeting,3
rear,3
spec,3
cover,3
amounts,3
student,3
Cable,3
ends,3
portfolio,3
friends,3
counter,3
score,3
edges,3
electronics,3
improvement,3
trips,3
sister,3
cablesCons,3
tap,3
Auto,3
drawback.The,3
Here,3
investment,3
call,3
Charge,3
days.I,3
AC,3
lifestyle,3
Power,3
Products,3
purchases,3
increments,3
unit,3
products,3
morning,3
heavy,3
plug,3
minutes,3
issue,3
number,3
All,3
HTC,3
dot,3
pressure,3
juice.I,3
switches,3
movie,3
weightCons,3
idea,2
bag,2
anyone,2
alert,2
why.I,2
phone,2
junkie,2
emergency,2
battery,2
range,2
laser,2
trip.I,2
attempt,2
iCarrier,2
days,2
countries,2
hours.When,2
part,2
box,2
Christmas,2
device,2
booklet.Pros,2
users,2
I-pad,2
jack,2
brand,2
flexibility,2
iDual,2
devices.It,2
complement,2
changer,2
cons,2
items.Cons,2
capacity.Can,2
Ipod,2
plenty,2
level,2
on!There,2
FixI,2
around.This,2
Nano,2
lifeand,2
negatives,2
4G,2
geek,2
iTouch,2
travels,2
full,2
input,2
BUT,2
detail,2
self,2
build,2
estimates,2
data,2
three,2
speeds,2
cords,2
bill,2
perfect.I,2
years,2
itself.I,2
pointer/light,2
stars.It,2
car,2
feedback,2
breaker,2
flash,2
information,2
iPhone,2
red,2
accessory,2
illumination,2
Apple,2
use,2
guys,2
competency,2
end,2
fact,2
draw,2
Cons,2
style,2
3Gs,2
layovers,1
charge!charges,1
press,1
nature,1
Battery,1
improvements,1
peculiarity,1
waste,1
bulk,1
aide.Cons,1
times,1
friend,1
reserve,1
kind,1
dimensions,1
2-device,1
heavier.It,1
note,1
strength,1
posters,1
wish,1
noise,1
money,1
s,1
block,1
That,1
luggage,1
left,1
I,1
problem,1
contour,1
Touch,1
rating,1
review,1
products.Cons,1
People,1
specs,1
smartphone,1
Lumia,1
place,1
tourists,1
storage.For,1
flaw,1
smell,1
Thecontents,1
Size,1
brighter.-Switching,1
website,1
accents,1
color,1
persons,1
fire,1
everything,1
one,1
functions.I,1
size/lightness,1
couple,1
Heavy,1
manufacturer,1
quality,1
connectors,1
small,1
LINE,1
bezel,1
Gen,1
exception,1
slot,1
flights,1
perfectly.-The,1
situations,1
experience,1
properties,1
eough,1
imp,1
theLED,1
webpages,1
airport,1
player,1
tools,1
shows,1
jams,1
Difference,1
bells,1
reviews,1
damaged.I,1
Trent,1
charge.My,1
nice,1
portion,1
directions,1
gifts,1
UPDATE,1
items,1
adapter,1
half,1
Ports,1
instructions,1
HOW,1
Fan,1
Product,1
5,1
advantage,1
Fire,1
performance,1
packs,1
mine,1
customer,1
works,1
reasons,1
way,1
cons.Pros-It,1
android,1
hands,1
response,1
light,1
afterthought,1
powers,1
rubber,1
initial,1
manafacturers,1
leftmost,1
adapters,1
brighter,1
day.The,1
better,1
Pros,1
length,1
plastic,1
bottle,1
exterior,1
spot,1
knowledge,1
mins,1
age,1
Base,1
usb,1
touch.I,1
alternative,1
's,1
connection,1
button,1
cigarette,1
Ive,1
Airport,1
technology,1
outlets,1
beating,1
IMP120D,1
interior,1
expectations,1
occasions,1
LED,1
percent,1
saver,1
shipping,1
person,1
CablesThough,1
kids,1
charging,1
pouch,1
functions,1
flight,1
bulb,1
accessories,1
Amazon,1
charger/adapter,1
feel.Hold,1
rides,1
surprise,1
pouch.It,1
anxiety,1
flawlessly.There,1
sizes,1
S-III,1
weight-has,1
Walking,0
hour,0
bright,0
push.Rating,0
habit,0
portable,0
turms,0
pandora,0
convenience,0
capacity,0
shape,0
year,0
ride,0
powertips,0
blimmpppp,0
cell,0
helicopter,0
sides,0
lot,0
workout,0
anyways,0
workhorse,0
WAIT,0
efforts,0
question,0
fit,0
it.I,0
beef,0
tech,0
use.EDIT,0
alone.I,0
milliamps,0
model,0
briefcase,0
w,0
protrusion,0
phone.Verdict,0
building,0
ATT,0
test,0
key,0
Simplicity,0
ipad1.It,0
Cats,0
Both,0
speed,0
tips,0
pointer,0
connection/port,0
wet.I,0
iPad,0
farNice,0
iPhone5,0
outfit,0
NewTrent,0
necessity,0
manner,0
capabilities,0
trouble,0
pack.I,0
pros,0
Excellent,0
deal.I,0
conclusion,0
room.Cons,0
storm,0
classes,0
gem,0
2x,0
handbags,0
company,0
impression,0
support,0
iTorchThis,0
Metrobus,0
packing,0
niceI,0
ones,0
pluses,0
ipod,0
outputs,0
LEDs,0
factor,0
units,0
curve,0
mifi,0
daughter,0
video,0
smaller,0
festival,0
IMP52D.I,0
son,0
indicator,0
Device,0
replacement,0
2,0
sizes.SUGGESTION,0
display,0
Perfect,0
options,0
tool,0
screen,0
Port-most,0
dad,0
Flexibility,0
deals,0
Recharging,0
Wish,0
deal,0
area,0
purchase,0
guy,0
package,0
dollars,0
EVO,0
packaging,0
value,0
houses,0
day,0
backpack,0
nothing,0
designers,0
size.Overall,0
load,0
environment,0
additions,0
time,0
generation,0
&,0
stay,0
map,0
results,0
Mon-Fri,0
base,0
computer,0
service,0
earpieces,0
finish,0
torch,0
gadget,0
output,0
mileage,0
slots,0
goal,0
names,0
charger,0
opening,0
majority,0
touch,0
child,0
"size,-Durable",0
speaker,0
casePros,0
range.Cons,0
What,0
gift,0
case,0
mini-USB,0
IMHO,0
choice,0
ease,0
help,0
usage.It,0
friendly.The,0
2014,0
look,0
handbag,0
work,0
definite,0
Its,0
cycles,0
pack,0
gen.,0
THIS,0
product,0
bang,0
recharge,0
port,0
Flashlight,0
ergonomics,0
Whilstcharging,0
tube,0
bonus,0
couldnt,0
iPads,0
theconvenience,0
someone,0
Mine,0
thought,0
speakers,0
type,0
sleek,0
power,0
life.In,0
Torch,0
life,0
Forest,0
complaint,0
Charges,0
space,0
size.I,0
S3,0
AND,0
solid,0
brands,0
tablet,0
pointerFour,0
applications,0
stuff,0
switching,0
move,0
delivery,0
storage,0
Juice,0
gauge,0
looks,0
apps,0
process,0
HD,0
IMP500,0
tries,0
p,0
One,0
travel,0
heft,0
trim,0
He,0
charged,0
cablessitting,0
drawer,0
sound,0
Much,0
Bought,0
etc,0
pro,0
conventional,0
.2,0
Pouch,0
combination,0
mess,0
Red,0
coaster,0
face,0
bucks,0
Stay,0
presentations,0
handy.The,0
AmazonBasics,0
buttons,0
concern,0
extras,0
device.So,0
White,0
hole,0
function,0
series,0
duty,0
None,0
lug,0
03-04-2014Everyone,0
form,0
silliness,0
pit,0
charge,0
item,0
light.I,0
Apps.So,0
wall,0
complaints,0
phone!The,0
.1,0
progress,0
thick,0
