Word,Count
Mine,244
You,242
number,228
u,202
section,177
Just,168
ton,139
CA-101,114
much,111
people,110
best,108
Ca,91
item,87
!!!!!,78
star,72
great,70
Drives,68
kids,65
advertisement,62
transaction,60
weeks,60
label,60
Quality,59
Phone,58
Vibrant,58
Works,54
reason,45
thing,44
risks,43
right.I,39
cable.Also,37
finish,36
Speed,35
two,35
Others,35
real,34
data,33
quality,32
captivate,31
sdfsd,28
great.I,28
customer,27
components,26
brands,24
flies,24
deception,22
OFFICE,21
stars,21
husbands,21
weak.I,20
plus,18
plastic,17
fascinate,17
wall,16
Evo,16
matters,15
A,15
cuz,15
They,15
Charger.So,14
defects,13
rating,13
condition,13
words,13
Product,12
users,12
pets.It,12
one,12
TRIPS,12
We,12
heavy,11
This,11
BUT,10
THING,10
LONG,10
port,10
hours.I,10
long?I,10
advice,9
cords,9
ship,9
Price,9
equipment,9
name,9
them.They,9
dont,9
Listing,8
socket,8
cut,8
wife,8
device,8
connection,8
amount,7
Shack,7
batter,7
interface,7
bad,7
devices,7
room,6
Most,6
lenght,6
products,6
cheap,6
level,6
fast.I,6
feet,5
component,5
job,5
life,5
imitation,5
cable,5
in.It,5
Plug,5
waste,5
second,5
facinate,5
back.These,5
notch,5
phones,5
complaint,5
wire,5
spot,4
ports,4
places,4
HP,4
it?Connectors,4
Star,4
duty,4
CAN,4
couple,4
original,4
&#34;,4
luck,4
product,4
complaints,4
blade,4
half,3
short,3
feel,3
WHICH,3
THEY,3
jacks,3
type,3
connector,3
phones.I,3
problem,3
count,3
ASAP,3
t,3
rest,3
short.cables,3
conditions,3
buy,3
percent,3
plug,3
cord,3
need,3
Charges,3
set,3
rate,3
chords,3
computers,3
WAS,3
buying,3
store,2
wires,2
USB,2
4G,2
SHE,2
items,2
Cables,2
little,2
place,2
conductors,2
stuff,2
testing.Using,2
failure,2
Amazon,2
charges,2
50,2
reviewers,2
Amazon.I,2
person,2
usb,2
Other,2
factory,2
brand,2
shipping,2
transfers,2
Cheap,2
Captivate,2
work,2
Each,2
transfer,2
sizes,2
Adapter,2
battery,2
shopping,1
last,1
housing,1
surprise,1
NOT,1
Connectivity,1
Amamax,1
anything,1
cables,1
mod.Length,1
adapter,1
way,1
7,1
description,1
length,1
problem.I,1
size,1
3,1
fine,1
machines,1
price.Basically,1
picture,1
problems,1
others,1
LOST,1
hate,1
money,1
adapters,1
Walmart,1
bit,1
months,1
part,1
review,1
port.On,1
issue,1
version,1
chargers,1
locations,1
guess,1
purpose,1
years,1
cable.Shame,1
morning,1
rom,1
Time,1
Data,1
price,1
results.I,1
chord.Very,1
cost,1
extras,1
jack,1
Cable,1
buck,1
I,1
Kit,1
head,1
It,1
foot,1
DID,1
variety,1
angle,1
charger,1
end,1
defective.Seller,1
losses,1
connections,1
!!,1
strange,1
be.This,1
fall,1
none,1
Nothing,1
date,1
mail,0
nt,0
FIT,0
bag,0
Everyone,0
nub,0
phone,0
percentage,0
year,0
OEM,0
substitute,0
fit,0
power,0
seller,0
computer,0
Sync,0
grip,0
w,0
Samsung,0
image,0
choice,0
ORDER,0
Both,0
tips,0
Seller1on1,0
bags,0
estimate,0
seller101,0
manner,0
capabilities,0
SAY,0
difference,0
junk,0
us,0
extra,0
works,0
minimum,0
time,0
hand,0
units,0
bargain,0
Way,0
ihave,0
's,0
odered,0
longer,0
suggestions,0
replacement,0
Connections,0
layer,0
delivery,0
deal,0
purchase,0
dollars,0
EVEN,0
packaging,0
value,0
case,0
3-4,0
nothing,0
hours,0
8-inch,0
blahs,0
ones,0
times,0
wear,0
im,0
things,0
THe,0
numbers,0
pin,0
smartphone,0
results,0
Cords,0
love,0
sort,0
sorry,0
Great,0
hassle,0
connectors,0
better,0
s,0
knockoff,0
user,0
wish,0
shorter,0
That,0
IT,0
These,0
seconds.Do,0
Buyers,0
whatever,0
demands,0
usage,0
OBVIOUSLY,0
.2,0
week,0
supplies,0
more.So,0
blaaaaaa,0
LG-840G,0
side,0
group,0
use,0
month,0
charge,0
cat,0
reviews,0
first,0
construction,0
