sound,74.60301938072907
quality,58.4814144016712
range,31.47964764568526
wife,20.95522864519891
product,19.612869273400992
noise,15.785802418637763
set,15.393688277433753
headset,14.068368645149484
volume,11.917819806716524
TV,10.600367980551082
signal,10.466223056600393
price,8.901648020106233
problem,8.376369404926859
reception,8.198225488225003
time,8.112532678362285
head,7.714277105768543
thing,6.981055900949741
hiss,6.55495584140941
interference,6.000518934158854
pair,5.682632768772275
base,5.5672323262323
fit,5.028242480216864
unit,4.951907677655669
way,4.371948583700367
bass,4.2866844646340585
use,3.896151650764143
cradle,3.8643640945939235
audio,3.8269343986758226
husband,3.6605294693794344
complaint,3.6141107661074483
battery life,3.497359891520474
headphone,3.4894399130603415
bit,3.293822039721267
room,3.2544922493102186
house,3.0748859558076114
design,3.068349044303446
charge,3.0513674920011034
light,3.0114316022512297
hearing,2.8311070510459717
music,2.540921711033581
issue,2.512388384626761
solution,2.3980657652315793
system,2.3803527805806515
source,2.3531842530169413
part,2.1921348129159095
weight,2.1843787064244338
stand,2.181890760246541
review,2.177483747749186
year,2.1638357904579815
everyone,2.1407218176359613
Sound,2.0302136253827525
something,2.0194896193814307
battery,1.9962240406153184
side,1.9821181525875662
work,1.882841874057631
buy,1.8756074465627177
level,1.8405061131408038
feature,1.7649672226647695
station,1.7576612344540088
nothing,1.7473340775077828
person,1.7375302237595718
output,1.7235702323013344
reason,1.7153757984537816
deal,1.713750639732287
tuning,1.7084343849909787
anyone,1.694797044257378
model,1.6919088404664961
value,1.5843843481556346
amount,1.5795568651005363
job,1.5781745485483154
someone,1.5705979822747
transmitter,1.567482531624618
ear,1.5652164966922946
clarity,1.429161259007723
switch,1.4230625810694009
lot,1.420717106231282
experience,1.4174002874093368
everything,1.315257707148363
idea,1.3152133026464694
setup,1.2909072462294653
connection,1.2887239799649244
family,1.286254032526196
frequency,1.285173370798109
end,1.2849495593986424
distance,1.283961094731221
drawback,1.283478477780945
phone,1.2817181659302868
purchase,1.1809072790512227
device,1.1796855159242707
contact,1.1789418540238656
difference,1.1781317801218874
brand,1.1759990639552562
quality sound,1.175935769157235
base unit,1.1729921874365687
background noise,1.171038390970677
tv,1.0392288205052609
one,1.0362967911623397
point,1.0320971065504851
money,1.0295612302557255
purpose,1.0283274904781448
performance,1.0277485844053729
downside,1.0259547540424672
button,1.0238521580814595
line,1.016281753463295
Battery life,1.0120146508879329
charger,1.0075507087362403
fidelity,0.8826224889800122
blast,0.8794251868085041
headband,0.8783078297256964
company,0.8777867587544336
Sennheiser,0.8775687933098231
screen TV,0.8767068809363118
technology,0.8763701643578553
anything,0.8760867531841794
RS120,0.8733929386107869
cord,0.8727603954572616
day,0.8716645552131519
rest,0.7468443023169167
manual,0.745842315862705
channel,0.7437798741225885
volume control,0.7415272848740638
set-up,0.7410451838556087
crystal sound,0.7400982716362865
dial,0.7400325980271862
yard,0.7383975306492294
foam,0.7382891550196935
spot,0.7373096472622062
tune,0.7364092034425123
power,0.7363794773035505
RS-120,0.7361163257186136
base station,0.7360989550169691
period,0.7347690330648912
con,0.7335691360090542
dad,0.7330428350772583
band,0.7323731514905151
week,0.7318515929366516
wire,0.6086212069802426
equipment,0.6060540814956815
place,0.605502610481618
!!!,0.6054862933626103
distortion,0.6035579416276083
annoyance,0.6023365428552079
choice,0.6012463682021825
quality product,0.6011172230179079
adapter,0.601110185194071
spouse,0.6009834064355012
improvement,0.600504928527204
mom,0.6003312508442084
while,0.6001861627502714
stereo sound,0.6000734436224968
feel,0.5999771294788727
investment,0.5996095071366491
comfort,0.5993099084279511
cost,0.5991923938480844
effect,0.5991620892994743
position,0.599094142143877
size,0.5988076268043749
cable,0.5985301752305573
right,0.5983148372364383
fact,0.5983061754991905
home,0.5982719934790415
area,0.5980325645268896
baby,0.5980279869183982
pain,0.5968570360398028
receiver,0.4759127542044253
environment,0.4754362792419498
turn,0.4749501238599309
Product,0.474464961694614
waste,0.4743493794572717
need,0.47256346115730147
television,0.4718053903452417
TV sound,0.47148249429661965
floor,0.471106010298516
jack,0.4698084088184336
sound reproduction,0.4695897115528483
research,0.46950770564589056
bass response,0.46934029602025584
adjustment,0.4691207927959638
padding,0.4690918683097609
shipping,0.4689536892563679
setting,0.4682968786351358
piece,0.4680314233643867
input,0.4678849652125948
flaw,0.4678260371804482
plug,0.4673595622756131
response,0.4669619639293063
t,0.4665357362817491
computer,0.46649827442523756
Setup,0.4658426580853088
fix,0.4654844781505468
month,0.464842478456057
sound system,0.4643837598340978
pressure,0.4639259456704785
night,0.46328823491350163
volume level,0.4627700247094411
radio,0.4622489030248205
rating,0.4596288946166382
material,0.45842691156004073
note,0.4581542897559086
number,0.4579790580766754
activity,0.4573845519216459
movie,0.45710958084917386
mother,0.45705067726923015
gripe,0.4569387317686242
order,0.45667291171403707
manufacturer,0.4564910109729915
hour,0.4559678275555322
son,0.34197443998645255
convenience,0.34182815400972555
background hiss,0.341727003721963
operation,0.34165080765110006
tuning knob,0.3414799252645527
box,0.3414631053699386
ability,0.3413602534714395
gift,0.3411635095123725
warranty,0.3410326915863463
connector,0.34081193875017424
length,0.34078743242250437
package,0.34042534507376315
world,0.34033178308155376
Sennheiser RS120,0.34015935790986135
Mom,0.3400875306600247
RCA,0.3399554342370023
wear,0.33984362858167416
channel selector,0.3397549788105723
bonus,0.3397131925554782
advantage,0.33956382548483866
battery charge,0.33933877323883466
star,0.3393249650950919
Nothing,0.3392912359427654
tape,0.33909772500816787
screen,0.3390507339994652
!!,0.33904985829430784
neighbor,0.3390399702643901
RS,0.33885701899011705
plenty,0.33881057276767024
wireless,0.3387424595840214
fan,0.33867614241240473
apartment,0.33857075152388005
bargain,0.3385603157438016
category,0.33848381646255815
Battery,0.3384768777920606
direction,0.33846703650056126
type,0.3384259399975164
reputation,0.33838218836786754
background music,0.3383132471556676
dialogue,0.3382548496786083
:1,0.33818120170350247
speaker,0.33815826127465326
trouble,0.3381474380606628
recommendation,0.33814361730925724
delivery,0.33801937090286477
Reception,0.3379866183100364
brother,0.3377842197598432
wall,0.3376936338192299
door,0.3375493955662425
office,0.33731489764066075
location,0.3364051927415676
Signal,0.3361729954047792
notch,0.33567003050866256
proximity,0.33548320327827164
burst,0.33527232267404344
rock,0.3350419728910295
refund,0.3348119394156154
life,0.3347426016312471
distance range,0.3347260489581022
construction,0.33470664426890206
father,0.33449708766178415
term,0.33432454149414587
hearing loss,0.33405638033734075
result,0.3338284742807047
hum,0.3328180378512678
break,0.3322525830120719
frequency response,0.3315878436895751
style,0.33150578546096976
Installation,0.3311817877817443
concept,0.33103140872586195
tuner,0.33095726189529495
surface,0.3308072886754271
plastic,0.330539865699041
Wife,0.33031641051406707
friend,0.33009325725023453
story,0.32947187756712976
man,0.32924986355052305
daughter,0.32902814853990237
minute,0.3287092608785966
service,0.32859526843159953
headphone jack,0.3284882731035266
earphone,0.3283750482005834
TV show,0.32815512294928584
headphone volume,0.3279004900896525
stereo,0.3277548313264848
good.I,0.3274581032598618
music player,0.3274305149873769
couple,0.32721185267485986
air design,0.2181314433382532
mechanism,0.21774991461030072
morning,0.2176533245556907
option,0.217439149319012
favor,0.21734038998155294
RCA cable,0.21703675912406314
LED light,0.21700573315439164
TV volume,0.21677922110058315
comment,0.21659941194924126
indicator light,0.21650385923549273
extension cord,0.2159386319589236
extension,0.2158569689063372
cradle/transmitter,0.21576225262429755
top,0.21574071599762518
source volume,0.21562033395147792
volume knob,0.2154634037390398
cup style,0.21538033265127804
shutoff feature,0.2142764236211368
transmitter base,0.21415531850458527
frequency range,0.21405793755324357
outlet,0.21401494045537128
plus,0.21379768331726082
tub,0.21377177067283323
freedom,0.2137045011912806
price range,0.21361140025538378
power cord,0.21329603301795885
anybody,0.2129809403224802
volume wheel,0.21288827571655372
advice,0.21275102801187387
dock,0.21265854391383043
press,0.21265404295168497
enjoyment,0.21256168131387868
Best,0.2124424244231492
word,0.21229924575398326
ear piece,0.21224146056810614
Frequency response,0.21220738192132765
tuning wheel,0.21211559755493375
tune dial,0.21204821617262565
question,0.21196332235549026
game,0.21195277824385184
HISSS,0.21188378319468137
night movie,0.2118717489444129
charge light,0.21178025462313527
accessory,0.21177936558430915
camper,0.2117435470938368
charging system,0.21170875464177066
headset cost,0.21168883928923957
TV program,0.21166479060462265
listening,0.21163913640774487
school,0.2115736315328399
background,0.21142297427493556
key,0.21142239298831986
television volume,0.2113737911915966
placement,0.2113442457429007
reviewer,0.21127137050814165
head set,0.21021682117595614
PC,0.21000662039834128
replacement,0.20994909746973314
head band,0.20994835829117262
shape,0.209917309056875
variety,0.20991497689318953
production,0.20991061184323223
bedroom,0.20985919159329883
Someone,0.2098259627753528
problem.I,0.20981487359393014
player,0.20967828023827859
isolation,0.2096772569433532
stereo separation,0.20965843348188734
user manual,0.20954556565410373
lady,0.20954401207425272
playing,0.20945556924837805
item,0.209402926262941
grip,0.2093518862712879
majority,0.20933007997789727
tilt,0.20931426691645552
track,0.20924212808651
girlfriend,0.20922568261336327
situation,0.20911127495559592
Christmas gift,0.20906273094394384
monitor,0.2090231263916155
interference noise,0.20898545913784364
condition,0.20894913248040564
tech,0.2089181874828891
&#34;,0.20890246853857064
living center,0.20889772576587173
Vizio TV,0.20889104280031848
again.I,0.20888274444854138
dialog,0.20887589729234116
nature,0.20886230478951426
Tv,0.20886159809593216
none,0.20883073933084653
comparison,0.20880307977241075
loss,0.2087747334074927
HD tv,0.20874336435558
garage,0.20859839912758468
bang,0.20857384403352025
Wireless reception,0.2085112184262938
genius,0.20848696642742176
wheel,0.20832968408625416
fine,0.2083194474463118
Work,0.20831317128435273
gamer,0.20830593930114125
bottom line,0.2082625287884609
sony,0.20823304455062697
website,0.2082013307044073
hair,0.20819390283580813
function,0.20814671329842405
tuning dial,0.20814429031650802
night tv,0.20811488138787163
size head,0.20810730225323973
video,0.20805806735517055
sleep,0.20802077368567778
scene,0.20777868555261256
concern,0.2076927651634336
night TV,0.2076069158042719
auto,0.20752113738708358
noise isolation,0.20746262681913713
Sound quality,0.2074336942039825
surprise,0.20739036366851535
sennheiser,0.2073771612063343
user,0.207353018058879
nobody,0.2073425203696214
living room,0.20730513847950954
TV noise,0.2072677030384111
future,0.20726565992670598
frequency.I,0.20725696025254955
partner,0.20724947545269454
price.I,0.2072337119285836
angle,0.20720474932317356
drop,0.2071714707193024
hook,0.20715709409407257
return policy,0.2070213694636572
commercial,0.2068946073767195
foam pad,0.206891922859981
tune knob,0.20682214212177283
control,0.20678250015121377
guess,0.2067655582531542
pop,0.20670941936156853
alternative,0.2066813763847908
silence,0.20667065419156555
benefit,0.20659726303560422
design feature,0.20659029197696657
buzz,0.2065583407255316
Ca,0.2065132181219725
trade,0.20642924156040982
discount,0.1040767877113734
reception tracking,0.10405721339928599
NOISE,0.10399789556881854
STATIC BUY,0.10399017231191977
reception sound,0.10388632193991433
quality cushion,0.103867904389194
Super quality,0.10386624193220549
information,0.1038470364464606
door neighbor,0.10384557109673317
answer,0.10384455095514898
signal control,0.10382617688713618
Idea,0.10382113198940048
removal,0.10382082439216674
Bravia TV,0.10380532570616989
headphone size,0.10380312882649081
roomi,0.10380026505895226
analog audio,0.10378243015171848
u r,0.10377988058192003
ear pad,0.10377959415282728
home amp/receivers/etc,0.10376472154285418
internet connection,0.10375923515102406
warm.Followup,0.10375887951812293
installtion,0.10374366652915579
internet TV,0.1037385979326841
van,0.10373817315114141
change,0.10373615323466429
on.My grandson,0.10373563627728494
cd,0.1037226200583159
3d unit,0.10371796892200082
headphone speaker,0.10371684467237188
Sennheiser fan,0.10371635862693263
better.Link,0.1037149042555378
port,0.10369734811407876
tinnitus,0.10369603737777666
hiss.For,0.10369418051890575
output circuit,0.10367523843007381
interference.I,0.10367346506242331
run,0.10366468169845255
study desk,0.10364408207170518
Hook-up,0.10363751072096211
homework,0.10363229704812021
doesMy complaint,0.10362349063020102
mm,0.10361139968499412
Bluetooth adapter,0.10360290736906243
Shack headphone,0.10359051074803934
value.These work,0.10357287458818025
driveway,0.1035696302321605
headphonesbefore,0.10355231363354468
irritation,0.1035428402085865
nob,0.10353441960941376
eis sound,0.1035317608406783
type headset,0.10352210266472674
Sennheiser RS-120,0.10351342973396568
mini plug,0.10351121620472231
foam cusion,0.10350453389325229
sense,0.10350137342582776
riser,0.10349244836748636
use time,0.10349067972082172
representation,0.10348766174204874
audio detail,0.10348128735723362
channel noise,0.10347526905354451
experience.Hookup,0.10347416097247268
radio quality,0.10347147550480272
air RF,0.10346035206263174
happen.They,0.1034547478442694
AKG,0.10345320455627542
useage,0.10345051114074591
imperfection,0.10343942523715348
from.CHARGING,0.10343571812533175
yard front,0.10343423477291042
HEadline,0.103432256626882
rescue sort,0.10341168109508292
cloth design,0.10341128049860727
Bose headset,0.1034044616199544
volume range,0.10340131113799832
use case,0.10339121844267339
caveat,0.10338663625433181
DVD,0.10338364974300297
still.I,0.10338083838437309
guy,0.10337076388678257
on.The base,0.10336615018182341
name,0.10335126534823783
rack,0.10335031742260606
properly.It,0.1033461682625656
leak sound,0.10333107654719825
back,0.10333085100614153
TV upstairs,0.10332987904534324
bolt,0.10330944875019729
ear coverage,0.10328902653237522
mono adapter,0.10327413163482911
range reception.Well,0.10326861238708776
error,0.10325328006721464
instructions.I,0.10324820630954949
music channel,0.10323186671096782
hole,0.10321150479014324
AAA,0.10319363944280104
position switch,0.1031911509002895
Value,0.10316170516438095
subwoofer,0.1031266836199741
score,0.10310636316750499
transition,0.10309514737160927
style plug,0.10308605072148827
R120,0.10306783664452968
problem.My,0.10306574627719295
opportunity,0.10305055355792683
transformer,0.10304762068862286
of.I,0.10303265679324125
TV viewing,0.10302741266156644
whatt reviewer,0.10300681003400089
hiss/hum,0.10300587731203302
input volume,0.1030035110544813
coverage area,0.10298653716968248
time.I,0.10298561286423308
Bravia screen,0.10298559664837262
THEY WORK.WIFE,0.10298329582035587
hook-up,0.10296627228363572
dealbreaker,0.10296536537923867
help,0.10296308851946497
Meh.The sound,0.1029584840269595
def box,0.1029451258541923
movie sound,0.10294316069979882
music site,0.10292489428440094
output adjustment,0.10292298898074091
crap,0.10290467066517522
signal anywhere.I,0.10290371623267106
for.The quality,0.10290282516543359
decision,0.10290088633441065
AAA NiMH,0.10288445499182945
metal walls.Edit,0.10288266924923246
basis,0.1028807149938664
feed,0.10286252122749676
consolation,0.10284238109558935
leakage,0.10282224884887674
gain control,0.10280212448272907
bite,0.10278200799252007
combination,0.10258841075857844
fabric,0.10256837781299336
trough walls.They,0.1025360021624786
receiver portion,0.10251600744571504
Noise/hiss,0.10249662470942134
intereference,0.10249602052544728
mode,0.10244964237669296
quiet.I,0.10242968132311467
audio system,0.10240972804635302
pie,0.10238978254186418
headphone plug,0.10228376456336324
Anyone,0.10226386808968585
source signal,0.1020324918107373
playlist,0.10201266030141339
RS180,0.1019812438902714
careful.I,0.10195223245001753
grandma,0.10194148107026132
mileage,0.10193244186992113
Sennheiser.This headset,0.10192168104666584
wall plug,0.10190188871306659
mini adapter,0.10182724694477624
store,0.10180750485366187
usage time,0.10178777041618882
Range2,0.1017535100972257
check,0.10174197796399811
TV connectorsYou,0.10172226891944644
selection,0.10171157725996616
fact one,0.10170256750932867
average,0.10169200631395858
collection,0.1016828737292098
sponge cover,0.10167244289803268
better.I,0.10166318757465824
client,0.1016528870078434
Donald duck,0.10163898491204737
tv.I,0.10161944673128064
mm jack,0.10161750712378895
headset right,0.10159991606076481
squeeze,0.10157186770579384
fatigue,0.10156087723317142
mm plug,0.10155222450592583
volume rock,0.10154136906744493
Output.My TV,0.10153258890226932
goodi,0.10151296089041885
existence,0.1015104647041579
Free shipping,0.1014933404659724
tooth,0.10149097589859361
headphone AUDIO,0.10144414217576356
cesspool,0.1013853662471109
heater fan,0.10136578940321765
term use,0.10134622011818306
RCA audio,0.10132665838763014
Sennheiser HD-280,0.10131245227418831
editing,0.10131167336556586
home studio,0.10130710420718525
ear design,0.10129213338952188
Bose,0.10128755757247815
Sennheiser name,0.10127260094937235
lot property,0.10126713675967385
Volume control,0.10125307604075859
internet,0.10123355865932532
brand.N-Joy,0.10117333279713714
Unit,0.10115056032461842
mini touch,0.10113806483405517
baby monitor,0.10113452933549295
bedroom pair,0.10113119267345864
woman,0.10112392643470704
transmitter light,0.10111873777298319
jacl,0.10111513876437993
manufacturing cost,0.10111183243766268
watching.A hint,0.10110856542667768
strain,0.10109941809714094
Meaning,0.10109575562736829
occasionalinterference,0.10109247961297264
Noise,0.10108919839988317
magnet,0.10107637992018365
TV output,0.10107313419513385
screamer,0.10107284136660512
policy,0.10105722488077148
shui,0.10105379617989493
Thing,0.10105282720509402
plastic curve,0.10104717193849418
properly.I,0.10103800570954091
amp,0.10103446556300774
experience.I,0.10103353118213337
perimeter,0.10103110678225177
quality item,0.10102097039653322
Denon receiver,0.10101879384716546
customer support,0.10101838841931607
LG screen,0.1010151423402274
action movie,0.10101424252691153
fitting,0.10101188160939727
RS130,0.1010017398337742
AR,0.1009995892894767
over.Sennheiser,0.10099912686985385
fall,0.10099582650731226
weather,0.1009949612352095
audio converter,0.10099266375185315
color TV,0.10098039203230934
manner,0.1009756873028115
amplifier,0.10097557013145327
wire/plug,0.10096120207150133
etc,0.10095634089014643
cushion/pillow,0.10094937050463848
Everybody,0.10094515390819501
shock,0.1009420194028937
TV speakers.Also,0.10093013526348105
Sony MDR-IF240RK,0.10092589897981098
SHHHHHHH,0.1009228440223307
kid,0.1009109073512255
register,0.1009036759256597
pilot actor,0.10088451510873125
drawbackis,0.10086536156739903
Recommendation,0.10084621529751987
used.Too interference,0.10082707629495377
headphone system,0.10058109445872795
Senheiser solution,0.10054846033625256
music!Very ease,0.10048777201053607
feeling,0.10047885901406411
Sennheiser set,0.10047605956523621
cargo trailor,0.10045703549197556
MUCH price,0.10045461791766443
review.I,0.10045056072271262
name brand,0.10043801862136303
foam ridge,0.10043561589330777
simplicity,0.10043152345486563
radio technology,0.10041900894930897
end set.There,0.10041870245391012
realism,0.10041662105644827
room TV,0.10041249340149096
charging,0.10039974011513353
air type,0.10039347055848832
vinyl,0.10039028941482632
CradleThe unit,0.10037445492176057
900MHZ item,0.10033967822612658
Sony headphones.From,0.10033517975161908
cost solution,0.10033496498277562
Anybody,0.10032074571751648
great!I,0.10030182035208779
tuning switch,0.10028290212579866
Sony type,0.10026399103461021
construction quality,0.10025019364142736
info,0.10024677205417878
Kloss headset,0.10021542721372978
bedroom TV,0.10021267734331471
AV configuration,0.10020253522341642
toddler,0.10016478124153178
ONLY thing,0.10014043467066033
grandchild,0.10012705569857441
radio frequency,0.10012170406846342
neighborhood,0.10010820358165372
Love,0.10010298047182525
model hiss,0.10008935856242318
tune button,0.10008426387681628
cable extension,0.10007052063687522
point system,0.10006555427950989
obstacle,0.10005168980100525
buzzing.Anyone,0.10004685167598239
TV use,0.10003286605081171
setup correctly.I,0.10002815606231302
quality input,0.10001404938229606
cubby hole,0.10000946743458397
load noise,0.09999523979146276
golf cart,0.09997643727431925
thumb wheel,0.09995344342790438
outfit,0.09993478270481687
analog output,0.09991612894812442
Tuning,0.09989748215392673
explosion,0.0998788423183264
version,0.09986226629167802
Transmitter/receiver pair,0.09986020943742897
hissing,0.09984721782623598
clairity,0.09984158350734286
isssue,0.0998284709290338
Sony model,0.0998260100158135
nuisance,0.09980741879492458
quirk,0.09980326816134402
rig,0.09978467078529636
dramas,0.09976608033884062
sound fidelity,0.09968042278391698
upside,0.09967964966204043
Senheiser RS,0.09967267647211016
craftsmanship,0.0996718492093222
plane,0.09966191342591642
these.The range,0.09966111291133051
wont work,0.09965415479556124
audiophile,0.0996533674735334
any1,0.09964341094053378
headPros :1,0.0996425830536472
junk,0.09963564000131503
sound.I wish,0.09963489259045648
head fitting,0.09962712626513757
jewel,0.09962491532394199
stream,0.09962406008514642
par,0.09961713208553626
gum,0.09961642455628084
boy,0.09960864596868924
worry,0.09960642657231689
e.g. hiss,0.09959796336719871
design.These,0.09953534552802555
conversations.DVR,0.0994925412147991
THEM ANYMORE-I,0.09941432667194307
signal range,0.09928030760150566
listening session,0.09924358174345657
gaming headset,0.09922522900179387
shoelace,0.0992068830466829
Item,0.09918854387436002
explanation,0.09917021148106436
alot,0.09915188586303784
packaging,0.09913356701652518
office complex,0.09911910502507744
cushioning,0.09911525493777382
television sound,0.09910697590568238
brand pair,0.09910080913632305
charger stand,0.09909694962303403
RS110,0.09908884392794781
RF noise,0.09908252000061125
RF unit,0.09907865106855882
assessment,0.09904684519819826
method,0.09903121196372176
intensity action,0.09902871758857014
design.The,0.09901311703432072
transmitter.An problem,0.09901294850505328
somebody,0.098994691781482
cost item,0.09894915750972375
carefully.The quality,0.09893914791420122
box offer,0.09893091927419312
Headphones work,0.09892669952530346
ridge,0.09892092831474732
smile,0.09891268776073965
crystal signal,0.0989100360330387
return window,0.09890850567094527
dog,0.09890271542431998
hearing problem,0.09889446296564769
CD,0.09889031850751018
head size,0.09888450923921421
RS-180,0.09888263528430394
zone,0.09887638855529259
dont,0.09887624488520431
room sound,0.0988738838243455
performance value,0.0988721380313079
tuning button,0.09886630975572769
sleep mode,0.09885830868767366
hisss,0.09885581762857416
Plasma TV,0.09884811697016083
finger,0.09883775803369257
buzz.The range,0.0988299308788168
training,0.09881970503608373
size rechargeable.If,0.09880165863213325
price point,0.09880116492191982
surface area,0.09878301279979004
ear fatigue,0.09870447253313758
power supply,0.09867107522318022
boom-boom bass,0.0986529536603434
mixer,0.09863483875256207
storage cradle,0.09861673049617081
morning news,0.09859862888750696
Hz response,0.09858782865978946
level.I,0.09858053392291051
received!I,0.0985697522642993
better.The set,0.09856244559872415
moment,0.09855168249632448
head phone,0.09854436391129323
addition,0.09852961913253774
restriction,0.09852628885696582
failure,0.09851165905984938
recharge cradle,0.09846998230337414
audio signal,0.09846133798913786
frame cradle,0.09845204396344288
cable box,0.09844347576235789
panel TV,0.09843411215799906
endThe transmitter,0.09843144867825417
needed.The signal,0.09842277253442776
auto-shut-off,0.09841036397789087
rs120 work,0.0984099178429526
technique,0.09840746564716572
adapter cord,0.098404940989541
corner,0.09840202594013654
contact charger,0.09839241582832821
fashion,0.09838964656048298
red/black,0.09838711590467136
thing.Now,0.09838418522495104
sound2,0.09838228229035137
news,0.0983786230571906
product.The difference,0.0983723367988298
power brick,0.09837183392579783
headache.I,0.09836079305036508
input source,0.09834070815694963
Everything,0.09833220187999815
succession,0.09832281397515968
screech,0.09831435336637606
RS120/Hdr120,0.09830492630427441
neck,0.09829605268054517
dementia,0.09828704514074092
awakening,0.09827150184955759
ON/OFF,0.09826917048100889
headsets HDR,0.0982537202616286
proficiency,0.09825130232153056
end pair,0.09823658858701502
hours.The,0.0982359451074604
analog dial,0.09823344065876083
??,0.09821817638356184
follow-up,0.09820514389312948
Volume adjustment,0.09820381508681421
converter,0.09820041408644423
youngster,0.09820000055684751
LIGHT,0.09818729900769955
output connection,0.09818265821262147
auto shutoff,0.09814164581472966
engineering,0.0981173003642251
GHZ unit,0.09809956593163024
ways.Also,0.09808183790877682
mainissue,0.09806411629219047
donut pad,0.09804640107839932
sleeper,0.09802869226393401
quality mind,0.0980109898453277
.1,0.09799329381911603
trade-off,0.09797560418183719
TV dialog,0.0979579209300318
shirt,0.09794024406024303
audio stream,0.09792257356901653
alcohol.After,0.09790490945290044
engineer thought,0.09784895762454268
Styling,0.09783132005500608
speaker padding,0.0978136888427737
self-evidence,0.09779606398440899
justicei,0.09777844547647792
opinion,0.09773293169457775
TV speaker,0.09771533592452832
point.Bottom line,0.09770105842575325
output level,0.09765562635662958
simple,0.09763937024944844
documentation,0.09755232363545614
model RS130,0.09753478117945409
up.I,0.09751724503150133
PRICE,0.09749971518819604
riddance,0.09741135426151616
transistor radio,0.09739385917800097
Sennheiser brand,0.09738472452185765
re-plugging,0.0973822159112354
noice,0.09737637037759288
floorplan,0.09736722479218822
analog tuner,0.09735888785690774
design wiz,0.09734973135068194
audio editing,0.09732755395567151
None,0.09732684569887105
lack,0.09730939140411385
Sennheiser quality,0.09730202889667246
today,0.09729194336863234
footprint,0.09713409578218828
900MHz phone,0.0971167154646468
replication,0.09689789590544065
noise.One,0.09689386669453655
sound.I,0.09688845655361024
home network,0.09687114111705807
term listening,0.09686641103097142
viewing,0.09685383186846223
phono plug,0.0968430623853648
session,0.09683652880450629
business,0.0968257772102187
presence,0.09680849820431085
maintenance,0.09674248026480921
brand recognition,0.09673372551450142
building,0.09671647524919982
image,0.09669923113518819
Everything I,0.09668199316917685
inside.I guess,0.09667369545746717
cost brand,0.09667241856595997
Effect,0.0966647613478785
air,0.09665647125489307
ranch house,0.09663925318884464
base charger,0.09662204125604303
simulation,0.09657757745036959
groove,0.09646255811432895
headphone outlet,0.09645938875791753
sound.Now,0.0964482603198175
house.I,0.09644224082931245
trait,0.09642827941180386
look,0.09640429201163565
PC use,0.0963871690977816
intention,0.09635085307361678
signal quality,0.0963497189315559
selector switch,0.09633380614190178
climate,0.0963326148246093
TV watcher,0.09632863742213621
headprint,0.09631676524119671
design.I,0.09631623478750312
bee,0.09631158838811762
web search,0.09629973036830158
coat hanger,0.09629920904209929
place sleep,0.09628270152001867
range reception,0.09628218931488702
Heck,0.09627205881366284
mill,0.09625506241881655
transmission distance,0.09624443708852187
volume.I,0.09623807202418364
tension,0.09622827779503546
improved!I,0.09622371806406453
Audio Output,0.09622108762658726
shutoff,0.09621128312886693
beauty,0.09620665865952836
connection cable,0.09620410922285287
channel.When,0.09618960530280873
curve,0.09618488684639057
budget permits.In,0.09616785119409135
4-24-13I,0.09616258875318581
feature.I,0.09615082157521522
minutes.The reception,0.09614555101495176
head strap,0.0961127754113591
hat requirement,0.09603969488228543
didnt,0.095962795511464
stand/charge/headphone design,0.09594587462678697
about.Another thing,0.09594002231144991
bluetooth headset,0.09592311140603252
illness,0.09590620646117914
WARNING,0.09589938640904787
tilting,0.09588930747373899
limit,0.09588249457611571
preference,0.09586560869283098
purpose use,0.09584872875605088
ssssssss,0.09583185476263477
radio transmitter,0.09573746874171321
shot,0.09572062026770524
head volume,0.0957037777228519
bar,0.09559153736336026
slippage,0.09557472344831348
TV room,0.09555791544713794
tuning control,0.0955411133567141
disappointment,0.09552431717392462
working frequency,0.09551777934444848
AM clock/radio,0.09550752689565435
paneling nail,0.09549074251879033
900mhz style,0.09547701590248728
product description,0.09547396404022179
anymore.One note,0.09546025161826299
transmitter/base station,0.09545719145684015
cloth,0.09544349322010216
vendor,0.0954267407049054
roam.Be,0.09537651842613787
Toslink cable,0.09530397722206123
AGC,0.09528726386299508
advice.The unit,0.09527575487805727
oversight,0.09527055636490976
analog,0.09525905818064377
stand.The,0.09525385472472289
HISSING,0.09524236733426462
test product,0.09522568233584482
flaws weight,0.09520900318231147
signal present.It,0.09519232987059384
listening.Overall friend,0.09517049365862336
strip,0.09515363815241157
warning,0.09513698422476968
user testing,0.09512033612569677
out.The name,0.09511083768963635
now.That,0.09509421041608719
keyboard,0.09507758895508073
dust,0.09506097330356958
light indicator,0.09504436345850849
startup delay,0.09482001182851542
AV cable2,0.0948034544576965
ALL,0.09469803634927752
floor apartment,0.0946815215458098
tile,0.09466501250151489
everybody,0.09464850921338072
audio level.I,0.09463201167839735
cycle.While,0.09455257256126728
NOT ADA,0.09448212341786964
pricing,0.0944656692245476
.4,0.09444160582415641
tripe,0.0944251529564501
input signal,0.09440165088530673
X5,0.09438521643055461
phono jack,0.09433315823953516
auto switch,0.09431674762193179
output jack,0.094300342713064
pair.If,0.09428535303494036
light3,0.09428394350995348
eco,0.09426897234828864
increase,0.09426755000962397
proprietary battery,0.0942511622091013
age,0.09422519982877858
good.Highly,0.09410359242832149
earphone shutoff,0.09408727872510887
gift idea,0.09405727280652039
stand youout,0.09399596085981415
tad,0.09397967311447084
dollar range,0.093963391012874
operation simple,0.09396311717446611
design!NET,0.09395191368441387
house phone,0.09394711455209079
range signal,0.09393560931702283
success.I,0.0939193106075532
ground,0.09390301755306037
bride,0.09365224071700008
RF channel,0.09364176782953078
transmission,0.09364140540874111
AV cableWhile,0.09363610727359002
headphone band,0.09362558225288274
recharge station,0.09362531911261487
static.A clarification,0.09362182106387308
work !!,0.09362060915507356
ray,0.09361997938782946
leather headband,0.093609238342345
signal strength,0.09360562446166541
star ratings.I,0.09360451813881458
pitch noise,0.09360385705684712
link,0.09359322787942971
better.When,0.09359316309508467
peace,0.09358843265288302
language,0.09357709336798901
recharger,0.09356102915821511
item.Along,0.09355431946512693
900MHZ phone,0.09355278715661702
power cable,0.0935508777231185
novice user,0.09354497046292204
tone control,0.09353953781635237
bass adjustment2,0.09353668795773765
network,0.09353474417080578
quality source,0.09352926425721621
tune wheel,0.09352825714179297
fault,0.09352338755740201
Sennheiser R120,0.09351286960442422
Part,0.09351212192529075
speaker system,0.0934856913056423
birdie,0.09347562928706368
RIGHT,0.0934696151891171
foam padding,0.09345593359048944
movie watcher,0.0934552299256521
sound distortation,0.09343991741866486
hour.Very,0.09343641985809976
size LCDs/plasma,0.0934342051599886
veteran,0.09342031160088668
sound/great reception,0.09342014477879029
surrondsound system,0.09340415206733974
effort,0.09340275018231038
auto-recharging,0.09338816483057652
size input,0.09338675223253545
HD TV,0.09337218306568995
headphone design,0.0933707597620546
sentence,0.09335620676987126
BASE,0.0932954293426611
Motorola tooth,0.09327947929944598
headphones!The range,0.09327300711598585
adjustment knob,0.09325709171243653
tuning adjustment,0.0932510558396191
issues.Then,0.09324118173932981
Nobody,0.09321408488020703
DVD player,0.09320426085360557
transmitter.Overall quality,0.09319832442759689
cost difference,0.09319817138462716
complication,0.09318836890010089
flexibility,0.09318226332161933
board,0.09317248236504229
needed.The,0.09317083745717347
return period,0.09315660124565908
contained.I,0.09315491415911145
FiiO D3,0.09313899630284009
IR headset,0.09306252565166077
Green light,0.09304668199090858
channels.After,0.09303084372392485
annoyance.We,0.09301501084795567
RF interference,0.0928466094578326
news :D,0.09284255814904593
harmony,0.09283081600025095
interface,0.09281502791477458
background noise.I,0.09280734545116574
decibel,0.09280592786766181
occurance,0.09279924519866298
tuning method,0.09279158098839177
charger/transmiter,0.09278346784917754
radio station,0.09277582188028188
xbox,0.09276006812410834
cord end,0.09274431971714525
house w/basement,0.09271283893995619
difference!The quality,0.09270865946599287
stars.The R120,0.09267721747455637
state,0.09266150447510746
talking,0.09265074745068723
antenna,0.09263929420767035
patio,0.09263502827865447
range audio,0.09261173064096463
grief,0.09260877733821404
cheap,0.09259310747910664
ghz,0.09258125044589054
volume noise,0.09257744292193608
condo,0.09256557728854309
sound.If,0.09254990943694127
bread,0.09254109137925985
cable combiner,0.09253412901773587
learning curve,0.09252544441543892
potential,0.09251849644699311
snack,0.09250980274194003
characteristic,0.0925028691572422
foam ear,0.09249416635608061
deck,0.09248724714580754
FM,0.0924785352551799
brand name,0.09247163041001537
member,0.09245601894719371
samsung tv.So,0.0923364105936196
ONLY,0.09233267280136566
aspect,0.09233195251040348
fiber,0.09232086525667571
volume button,0.09231710821819845
EC cabinet,0.09231537038457081
folk,0.09230154888161214
RF technology,0.09229982073625695
radio control,0.0922991802878152
toconnect,0.09228599478895437
cube,0.09228427632544234
fitness room,0.09227537976200093
long.I,0.09227345306722709
again.They,0.09226817169643593
Sony headphone,0.09225984992899318
noise.What,0.09225267521260805
me.My TV,0.09224243227576956
glass,0.09222381092537214
mailing label,0.09220829844399872
wiring,0.0921927911802932
output power,0.09213023656312408
AV dongle,0.09208867746809246
leather,0.09208531958179796
Unlimited model,0.09207323942563699
systems ability,0.09206989503137587
converter box,0.09205780655848021
tinnitis,0.09205075872416783
carrier facility,0.0920423788640202
lifespan,0.09202695633965675
hearing.On,0.09199060685043889
tuning adjuster,0.09197523035421368
Interference,0.09196365408268048
slack,0.09195985899758108
head .2,0.0919355064960586
chirp,0.0919201484131465
zillion,0.09190479546059856
headset radio,0.09188944763584454
thr,0.09187410493631588
range limit.Sound,0.09186340898121459
Wireless headset,0.09185876735944574
CD player,0.09184194428608647
sheet,0.09176110995781173
connection problem,0.09174581008164351
savvy,0.09173051530670362
FAMILY,0.09164823678960342
room television,0.0916329633733334
fussing,0.091617695046924
hearing deficiency,0.09160243180783133
headphone deal,0.09158134994054365
Sennheiser model,0.0915661029168766
engineer,0.0915508609692001
regret,0.09153562409497977
phone port,0.09150777006105508
cushion,0.0915070250485386
crystal reception,0.09150220796520231
anticipation,0.09149954831200881
care,0.09149253021297034
headset system,0.0914844810927556
plasma screen,0.09148432905832483
ground hiss,0.09146936864229897
video player,0.09146911486668031
MID-RANGE DETAIL,0.0914679558451236
response range,0.09146713618187788
problem.My gripe,0.09145769151288491
time wear,0.0914542611839117
LOVE,0.0914539057345502
delay,0.09145282112323538
party,0.09145203986837638
porch/yard,0.09144253340806247
evening,0.09143870165941104
free.Quality,0.09143769140904434
news program,0.09143721486575776
satisfaction,0.09143694853723432
0One thing,0.0914298457041355
cartillage,0.09142738032698518
weakness,0.09142706533002508
Return,0.091426552054281
Sony TV,0.09142350263874112
control wheel,0.09142214090596945
cool,0.09142186218598553
receptivity,0.09141465825339536
dollar,0.09141223226715596
sound equipment,0.09141144168489423
WAY,0.0914107975107085
Price,0.09140830867002038
scale,0.09140707191542284
bandana,0.0914067808121655
tuning mechanism,0.09140220436384541
ones.The interference,0.0913994758474051
RF pop,0.09139633630936382
buy.Update,0.09139479005136411
component,0.09139311975073043
work/sleep schedule,0.09139200789166112
nuance,0.0913917044133113
activity.Having,0.09138709052473928
together.I,0.09138429848365161
hay,0.09137966242965911
sender,0.0913789809826672
sweetie,0.09137663298696172
clicking,0.09137198168311364
LOT,0.09136912615962342
product review,0.09136189473467317
input level,0.09135183183853393
ur friend,0.09134684559654141
ProsSound clarity,0.0913367013096602
lull,0.09133180141538344
plasma TV,0.09132157579207062
chair,0.09131676218875054
treble,0.09130645528327594
stereo seperation,0.09130330518091304
workaround.The hiss,0.09130172791419561
day.From performance,0.0912882904259725
racket,0.09127167421153914
TV purchase.I,0.09125665477855144
porch,0.09124164028786931
level control,0.09122663073705367
batteries.I,0.09120176990170853
ear piece.I,0.09119268674023988
channel changer,0.09118681087671214
zi,0.09117770834250247
design.My,0.09110924372855718
base sound,0.09109430478042482
control mechanism,0.09103089977989476
guitar amp,0.09101598651032482
design choice,0.09100908554239585
volume amp,0.09100107812633067
Mother,0.0909861746255119
Sennheiser receiver,0.09095158858756881
distance rating,0.09093670129109638
abilty,0.09092181886744317
Use,0.09090694131421717
volum,0.09089206862902792
quality products.I,0.09081916045900845
unit reception.However,0.09081376729920616
LED,0.09079893147632907
section,0.09077779562746782
annoying.There,0.09077147211613062
headpiece,0.09075663835617616
TV set,0.09074338023520519
Hi!It,0.09068957041852449
PLL tuning,0.09067478013753365
volume adjustment,0.09066744691771698
respect,0.0905912647601445
headphones.I,0.0905102125699717
heavy,0.09049546955325499
test,0.09046400547775495
sound quality,0.09025627144707371
program,0.09024895356592477
joy,0.09024158870473038
speaker volume,0.0902342658375961
design flaw,0.09023071167914744
mention,0.09022691073873897
channel feature,0.0901795579625722
ideal,0.0901308665598779
dimension,0.09011621928205577
book,0.09004441563037573
audio cord,0.09002979643529263
battery condition,0.08990989538250878
Pop rock,0.08989530276589086
trick,0.08988071488534571
needs.To,0.08986613173856806
length basement,0.0898515533232541
NO,0.08983697963710158
egg head,0.08982241067780965
cabling,0.08980873089380212
music reproduction,0.0897866722328107
portability,0.08977115308009012
either.The,0.08976337958309723
Bluetooth,0.0897565995162956
left channel,0.0897488797514815
Sennheoser,0.08974205067053977
juice,0.08973438460353883
y,0.08972750654052873
RCA-output,0.08972053270984261
separation,0.08971884158128506
sweet-spot,0.08971296712397009
midrange,0.08970609875422703
city,0.08970433957380274
On/Off,0.0896984324185729
quality point,0.0896839024220477
volume dial,0.08968140495902524
keyhole,0.0896772447710493
power plug,0.08966937713210657
proportion,0.08966692538591994
building setting,0.08966282473900791
I range,0.08966213971938752
search,0.089654856546463
Charger,0.0896524504876788
900MHz telephone,0.08964034066283201
Signal loss,0.08963997902653881
SHHH sound,0.08963798026203817
shift,0.08962582947893008
?!,0.08962351470673592
Charge time,0.08960905381951134
modle,0.08960541951820371
RF headphone,0.08959459759810519
start,0.0895921536658205
touch.Good,0.08958712240452506
hellThis headphone,0.08958014604025968
Sennheiser headphone,0.089577658077707
ANYTHING,0.08957274220717396
power switch,0.08956569914371851
duty,0.08956316717947034
Music,0.08955836662559534
headphone/base unit,0.08955125690622678
credit,0.08954868096883487
bulkiness.THIS,0.08954820642030847
tube TV,0.08954399565756721
TV series/programs,0.08954293104418512
background distortion,0.08953681932553109
AV system,0.08953382785361896
excuse.I,0.08952850806099394
squeal,0.08951408972337198
aid,0.08950851996648088
air unit,0.08950823640643477
volume auto,0.08949967602907515
strap,0.08949285101913958
Somebody,0.08948552055037336
weightedness,0.08948526697586077
telephone,0.08948343439073503
RS-120 range,0.08946932247582698
confirmation,0.08945506071353734
detail,0.08944168828581461
AM radio,0.0894408034972852
A gift,0.08943704763036327
radiojack,0.08943294576503959
voltage,0.08942745643683427
comfortable.All,0.08942655082489724
sound!It,0.08942615370586654
UPDATE,0.08942271371132325
year electronics.After,0.08941868070571439
i.e,0.0894048907707973
booklet,0.08940442019637831
compromise,0.08940179974783094
front,0.0893977063170986
way.I,0.0893952648586538
type plug.They,0.08939066366971059
objection,0.08939016423485478
RCA input,0.08938752922004346
balance,0.08938444883357274
us.This product,0.08938140092882134
Cost,0.08938097941204226
chin strap,0.08937326324732002
cover material,0.08936716718061104
gf,0.08936669853035657
stop,0.08936014381919215
height,0.08935900182748005
nite,0.08935242221140903
not.I,0.08935150610040536
kitchen tv,0.08934593514395088
adjustablility,0.0893457546886785
auto-mute,0.08933915604247444
beep beep,0.08933815045301328
WORKS!Easy,0.08933210066072042
batteries3,0.08933173098648112
melon,0.08933132408020401
annoyance.Another,0.08932388325298439
MOF,0.0893232893363797
product !!,0.08932314780562141
unit.You,0.08931795821127982
ease,0.08931753134462853
unit auto,0.08931484828399416
bad.I,0.08930901572271607
numero uno,0.08930899673164737
palate,0.08930478958724908
individual,0.08930382023900285
Want preview,0.0893033362162401
praise,0.08930067517229973
ground noise,0.08929488811086173
grandfather,0.08929470870009792
backing track,0.08929291386530307
ear cup,0.08929064474356573
tablet,0.08928914559916425
Rich bass,0.08928650655807077
charge wire,0.08928076496793692
re,0.08927873166518156
something.My compaint,0.08927650437993138
thing .2,0.08927495949125072
Hiss etc.,0.08927172744734528
TV.Nice standHang,0.08926664629182153
GREEN light,0.08926455396940092
downfall,0.08925741240255744
RS120 headphone,0.08925253208039677
experience .6,0.08924677370885996
try,0.08924476505296519
improvement.Add,0.08923842233154519
snob,0.08923062523730656
critieria,0.08918911087351339
impression,0.08914896843431193
browser,0.08910676455711469
array,0.08909268452999786
crystal,0.0890823307687509
video game,0.08907860895183267
well.They,0.08906626806591178
fit adjustment,0.08901643703148644
passage,0.08900522952191806
device.This model,0.08900239162862304
Type O,0.0889741987357668
suite,0.08895351205197315
treadmill,0.08894609833669254
isolation/cancellation feature,0.08894022149916493
Reception tuning,0.08890108854007896
headphone experience,0.08888708231405515
AGC circuit,0.08885171215430095
measure,0.08883772032062255
heck,0.08874862531837945
analog connection,0.08872650224728508
stereo RCA,0.08871254981733226
theater receiver,0.08868465811758224
merchant,0.08867681601975146
tacktic,0.08867071884364806
2-RCA interface,0.08865678395091864
familiarity,0.08862444501724424
jolt,0.0886105246637437
sleep.GTMax mm,0.08860871287005459
I,0.08859660868253141
SPDIF,0.08859480590954154
mix,0.08858805339543094
time period,0.08854189710119502
ot,0.08852801110433407
set.One complaint,0.08851412946226289
air silence,0.08814792128199801
devices.The headset,0.08813410827179262
drops.Sound Isolation,0.08812029958997875
breakage,0.08809842220899873
broadcast range,0.08807594048374286
luck,0.08807455846324971
starsDesign,0.08806992988015659
use.I,0.08806145746650257
rca,0.08806096332537822
headphones.Didn,0.08805630179878647
jack adapter,0.08804774195224785
5ghz phone,0.08804738696696572
NO interference,0.0880473723839342
Poor quality,0.08804267793442587
headphone purchase,0.08804224377812594
CradleGreat quality,0.08803403070969251
soundis,0.0880337599053626
ta,0.08803360544431067
male,0.08802905828511778
price set,0.08802369063073794
y comodo,0.08802228791764512
reaction,0.08802020308255908
signal inputs.It,0.08802015691721914
period.Overall,0.08802001348300326
charge cycle,0.08801982823525649
usage,0.08801544284890636
plastic headband,0.08800999842143808
movement,0.08800662471874622
Great volume,0.08800643608961814
!!!!,0.08800627135296599
metal area,0.08800605533777828
u,0.08800367072450424
product.However,0.08800337907653856
song,0.088001831623837
library,0.0880012115414626
right knob,0.08799920066616312
viewer,0.08799631047116069
degree,0.08799503806592034
briefly,0.08799305054359732
better.Because,0.08799283677279811
3-position switch,0.08799275115263726
circuit input,0.08799228674985238
AC adapter,0.08799059530880493
again.It,0.08798993757824608
great.My problem,0.0879882246079563
frequency adjustment,0.08798556031151185
output adapter,0.08798262677791888
popsand,0.08797924165823537
cable port,0.08797907226709668
workday,0.08797852246945642
INTO.I,0.08797690185742205
Sony head,0.08797620871748824
tune function,0.08797462179931205
TREBLE,0.0879719241848635
RF headset,0.08797168441703063
product!UPDATE 2-9-12I,0.08797034166575946
shipment,0.08796565074398245
analog technology,0.0879653976337888
radio interference,0.0879647624945693
crack,0.08796321266743626
battery drain,0.08796248414022505
earcup,0.08796102319595328
buzz/hiss,0.08795804130247709
kind,0.08795172725073115
quality listening,0.08794990235369837
loop,0.08794309524312297
SIGNAL,0.08793806111594248
nylon fishline,0.08793504782816629
Comfort,0.08793282941586754
Trial,0.08792439922744279
%,0.0879200584590603
audio source,0.08791908372907854
headphones.They fit,0.08791858017543902
vision,0.08791074158325328
music listening,0.08790898483969481
brief,0.0879053423390778
reception range,0.08790492979624778
circuitry,0.08790321671791916
anyone.The range,0.08790073756301899
headphones.Cheers-Walter,0.08789708818139642
price difference,0.08789536480252672
channel selection,0.08789160524385092
auto-off feature,0.08789128365515789
hand,0.08787787244138476
Microsoft Life-chat,0.0878776417501959
attention,0.08786414392966743
signal level,0.08782469179414992
effortlessly.My standard,0.0876943818031895
retiree,0.08768089169872946
whenthe program,0.0876674057440205
use.Once,0.08762281352037313
challenge,0.08760934064295946
tendency,0.08759587190808614
